Time,X,Y,Z,Orientation_X,Orientation_Y,Orientation_Z,Orientation_W
1732312852.17597,0.021180939755450528,-0.04749587394270413,0.024670746178715713,0.022712657129137913,0.004405888124939191,0.005141043475218282,0.9433489018758109
1732312852.27719,0.08503827177816595,-0.0614981480393774,-0.03054638203944478,-0.0026238867652197237,0.009794486222438878,-0.0017893331831301366,0.9867869729980014
1732312852.37665,0.21062066623370457,-0.05256255122220854,-0.04450473057484824,-0.01325143068067559,0.012797547631388224,0.0034163752065666866,1.0136528204652944
1732312852.48537,0.2870486265710823,-0.02887140814806595,0.04811008845165451,0.006953190095818421,0.0319785437023437,-0.004596275737538659,1.0094832490608137
1732312852.59055,0.3588475581537025,-0.03799297449588304,-0.007271969293978175,0.03692476538646743,0.0016633025559600284,-0.006480697713588054,1.0211899402297009
1732312852.67965,0.48323293152158453,-0.006948152014631137,-0.00034159854526827,-0.02270402675676155,0.00010890944191426725,-0.02920204293622871,0.9610201824070148
1732312852.79552,0.5524387366324828,0.01420802399525765,-0.033236088804054376,-0.022092621064808884,0.015821842233133605,-0.07270634849318834,1.0540022122388006
1732312852.8897,0.6339628450690639,0.0022771208552582775,-0.09392697041647087,-0.02727256156808294,0.0037974926807496593,-0.04012367263553255,1.0004201787606497
1732312852.98214,0.7326730094029715,-0.013446405766704368,-0.04975609809288187,0.0330122741987562,0.0039019851417618524,-0.08342542544221576,1.0128319469609297
1732312853.09314,0.8945783228598259,-0.0020819282191531473,-0.03340123893045394,-0.034864597947165815,-0.00035507323083562234,-0.03959931096772992,1.0340482789915526
1732312853.19188,0.9383365781507083,-0.037503857357666544,-0.0177783071520521,-0.06353421823504724,-0.045856103238278254,-0.07624619381958626,1.0747896433052568
1732312853.28671,1.0100847446611403,-0.07290830906776151,-0.030155885106723474,0.0021703393920891076,-0.0495831997191051,-0.03431883820392994,1.0097633100532386
1732312853.38709,1.1164638513379748,-0.006025695935175414,-0.058628312028091795,0.018302917008495335,0.012630895347652306,-0.023010911240486764,0.9962074785368966
1732312853.49186,1.2254113921466714,-0.0801971595762726,-0.016161053780568604,0.006887344987485049,-0.0370054306654668,-0.060726851610002394,0.9749580625078706
1732312853.59043,1.2985659139409322,-0.025002665998800834,-0.039831746966095795,0.021870764268396445,0.07830760083630892,-0.007552600448559602,1.0331764782224597
1732312853.70154,1.4290487010404296,-0.06614924091593959,0.013340308602309503,-0.04391065391532021,-0.0133665869970873,-0.08396924981474793,1.0381859513997633
1732312853.78857,1.4458329390596025,-0.06563313954729906,-0.05570822427250254,-0.047585734754667215,0.02202383728792696,-0.006054343146710894,1.0087720898687051
1732312853.89119,1.6419532173611084,-0.054518773959301776,-0.042012507209811825,0.012217323639407297,0.007687623415547721,-0.05412595924700088,0.9556647866424492
1732312854.00219,1.6689794890652194,-0.01692810273217389,-0.06408424536172674,-0.0001698428222601158,-0.008218007146585177,-0.06268765414874138,0.9303382237238113
1732312854.08944,1.7641442393025228,0.0068365542517941705,-0.056602155400591596,-0.009662670215651446,-0.0030508640014824517,-0.09927428270252858,0.9843529281710455
1732312854.19747,1.8512606812140062,-0.01923929400757596,-0.0965659212881429,-0.017310590461693597,0.04167811062259305,-0.059535818900192675,0.9583587858228529
1732312854.3088,1.998481686453458,-0.06797054734596528,-0.1207427954103185,-0.03988542553139948,0.007251935322295799,-0.044581318767000194,1.026925896479134
1732312854.39731,2.0356755115494996,-0.01623369563236443,-0.11834442570158829,0.03548080542532194,0.003981441226002965,-0.042741777630144,0.9931136917897637
1732312854.49362,2.21269068720047,-0.07467749424874962,-0.08686975148041126,0.018458397767204565,0.0545839801239181,-0.018906760819706995,1.0000556048269431
1732312854.6019,2.2918124243736413,-0.037696513198191874,-0.08078168189625723,0.023994838357475123,0.0055358787847865935,-0.01918402427853127,0.9591709530415181
1732312854.69576,2.4128462829293142,-0.07595419103917474,-0.0774444477005504,0.017300503118104,-0.013909928159831168,0.0119790339769083,1.039775061861203
1732312854.79449,2.5219055951374347,-0.08875445424123617,-0.14880991246446063,0.04098434479490963,-0.00950177782923791,0.00016127901412012896,0.9300600485518381
1732312854.90115,2.518302781145178,-0.05698060531002354,-0.07036807131272821,-0.02953661961025282,0.05179733643901596,-0.08279953891901938,0.979442852552153
1732312855.00839,2.66178308811895,-0.1250772227687194,-0.11493483351259891,-0.040235161243908975,-0.0504931514374513,-0.0266241230261111,1.0139611280707643
1732312855.1123,2.6702557289664703,-0.0020765462012383848,-0.06394139009116365,-0.057761012533352994,-0.04368899948981656,-0.03437315657949247,0.9941248725910695
1732312855.19822,2.77200626978988,0.04842324421574198,-0.13199830127749987,0.0245964628453607,-0.009351805884403722,-0.04194801230446934,0.9651311014121544
1732312855.30564,2.8870733915886557,-0.016352439334835003,-0.12547353564975267,-0.0010961812715004756,0.01147808480465287,-0.0772721063646111,1.0252472546453422
1732312855.41462,2.9978535033782006,0.05379884152394944,-0.11395321478822835,0.0028147032134474264,-0.026546887569501056,-0.04309727699200332,0.9945123076634687
1732312855.51091,3.000859746910983,0.022066578163209675,-0.14292744876192479,0.033831074275066805,-0.005778558749542473,-0.037145507263609795,1.0056279205920065
1732312855.60482,3.156729548807129,0.010570022659675098,-0.11469640774139686,-0.011938816377238188,-0.0070782884096894086,-0.034087817769780725,0.9658331684724563
1732312855.70992,3.317049939247492,0.05062023040153196,-0.06251261387064798,0.008797151505909387,0.040666539461070274,-0.1144531597927923,0.9834830736295389
1732312855.80633,3.3438498908803544,0.00894369045959164,-0.1608122615832075,-0.0024058368307545586,0.02571095050784336,0.030480121074227685,1.0107084824080612
1732312855.90534,3.394459596662485,0.004836702803048876,-0.11790647150475259,-0.0006038777385937912,0.029935050367615047,-0.006414725089159589,0.9957954876083712
1732312856.00658,3.609001581913643,-0.030297964694081927,-0.17485408939865887,-0.00516882759241977,0.0357430536131239,0.01737853922443832,0.9629734900435638
1732312856.11855,3.7040225416651382,0.01984489352287598,-0.18391985504271458,0.005887301811143539,0.030272694545194382,-0.05214647013929711,1.0299258893698113
1732312856.22309,3.7514925607505387,-0.005069108619025431,-0.19713654649773657,-0.03857362366656171,0.034906632998552324,-0.022749519675603548,1.0308942435732615
1732312856.31448,3.7964301210558506,0.028416935050087168,-0.21703797158793975,-0.017793105711356665,0.043988580346610684,-0.01605655987097388,1.017211027457484
1732312856.41583,3.985551035784025,0.048953877314560724,-0.1861560067742683,0.028185850104199706,0.01353768711640124,-0.01949164488979089,1.008447217651544
1732312856.51814,4.004065944299277,0.08630629901858261,-0.1991732374065813,-0.0020446815489606426,0.07154413557757383,-0.09184795865943259,1.0172660458457
1732312856.62103,4.141798114090202,0.05218713084003731,-0.24141772816689366,0.0015819354430649498,0.07720440903295112,-0.05900446930237023,1.0014780429991494
1732312856.71583,4.284382202204148,0.11330885397442365,-0.2002953971756858,0.005121160975222831,-0.03267424196763213,-0.0351907699187352,0.9840917755194146
1732312856.81978,4.328873259286876,0.04220253408779837,-0.20269910158173934,0.006004493703844122,-0.01546418636263825,-0.026037982473219166,1.012600588021103
1732312856.91407,4.457267122492926,-0.022102318484593268,-0.19937066489201435,-0.022976655101322508,0.03861468504942777,-0.03717401639109168,0.9585059092620297
1732312857.01359,4.532641297368139,-0.03690581508008672,-0.2182583234497289,-0.0038937958922754382,0.035597025083704346,0.00745707912992756,0.9807194475311977
1732312857.12162,4.660998450681198,-0.0006581005564741879,-0.17860961565330113,0.02139666428615411,0.01632830962794477,-0.010436694202963705,0.9540217151082576
1732312857.2246,4.78247402544844,-0.04218270439883899,-0.29988738313838925,0.002272666575902909,-0.0067321139643065865,-0.05750491787859366,1.0134902767101113
1732312857.32844,4.753010893287528,-0.013004288386726022,-0.2728853949478208,0.016693051623956352,0.02319046706353174,-0.026429551236175367,1.0088994148086312
1732312857.41742,4.866310318446421,-0.03141162621747122,-0.24256731539511156,0.017149095140077387,0.024449264398604988,-0.0961450080095169,1.0172136942264174
1732312857.52413,4.978835723588854,-0.04440950532430065,-0.27476289899545114,-0.0355393396311715,0.018937314866360425,-0.03990291382520445,0.9893954827625691
1732312857.62925,5.075145475947043,0.01470197115010484,-0.2558099159785139,-0.008407540187729691,-0.02354255286062694,-0.07032689230947733,0.9884756500709251
1732312857.71835,5.233633778108946,-0.016233689061353786,-0.23907827436466622,-0.017105591505093807,-0.036023491331949944,-0.0024470811943323317,1.0351071434207586
1732312857.8277,5.315730430863695,-0.1291278298011003,-0.27366382526380123,-0.01601287648051098,0.017987811951845258,-0.06969024846490024,1.0449554565798735
1732312857.92931,5.406453185464961,-0.0747941123038583,-0.2844667450944647,-0.030878746767137085,-0.029399034484029817,-0.03875036946451317,0.9555128124811032
1732312858.02463,5.530737011775641,-0.15045361531704793,-0.2698376072781674,0.036512234581709074,0.03203864642113345,-0.05040799449517332,0.9951128028078822
1732312858.12458,5.6070913700092975,-0.10793598462001813,-0.3579818167876085,0.04264925952101624,-0.037298892645535764,-0.10022455569045376,0.9802544341360853
1732312858.23059,5.739296992413461,-0.14697253320194367,-0.30708630647446,-0.035167781696759506,-0.007782303196924779,0.008208477848430342,0.9635958953201508
1732312858.32381,5.744639130935897,-0.14590439031543337,-0.3478673874087774,0.036085962271740955,-0.03461270303205266,0.010789560006378686,1.0048739406552358
1732312858.44072,5.862860957448888,-0.19665743765868218,-0.3354493206561197,0.0002495788879603826,0.028704675501428828,-0.01692891735844481,0.9760855933484782
1732312858.52716,5.871303230121135,-0.190351169525368,-0.341990847987357,-0.021257110076447004,0.031126267377760947,-0.053011537875378725,0.9988355484550723
1732312858.6362,6.002748080562861,-0.17395616889871526,-0.33324270358698915,-0.027829516725597865,0.04827553179592774,-0.06560880147815863,1.0365127094821116
1732312858.74471,6.1099308101501615,-0.22683326275659732,-0.3490395123158659,0.003980389450183679,-0.024958251487145547,-0.006704895935649199,0.9716295438142343
1732312858.83548,6.195345101974812,-0.12829580835100785,-0.3649369485069824,-0.04224304543100703,-0.01967234516464645,0.028337280571662987,0.9673560949879427
1732312858.9373,6.317654252208422,-0.16447081978990027,-0.35359312606441745,-0.05512031217494558,-0.04929716153505225,-0.0037282100391387678,0.9685726811142866
1732312859.03594,6.493681399173193,-0.21274042498639786,-0.3812806229086576,-0.014183662877873596,0.02991938459601918,-0.033626462908313656,0.991551654649546
1732312859.13117,6.477436084862103,-0.1829830383280538,-0.44903760252496444,-0.06935706987829007,0.021159660698191415,0.0042727968310661175,0.9812799511191378
1732312859.23211,6.654223988815675,-0.15955924849480213,-0.4065195933423432,-0.0368561661537221,0.029041653298244777,0.04494612358921912,0.9906726445627618
1732312859.33609,6.695096072356669,-0.21413811339130748,-0.45749234158797386,-0.041838933457775715,0.001525873724024132,-0.024511190385260923,0.9729473282523984
1732312859.4325,6.866834342042828,-0.2449742356896334,-0.4526821557723972,0.029137731122027836,-0.059400671844251136,0.03221108835220646,1.0197040891532863
1732312859.52996,6.915196789917073,-0.21315617515270255,-0.45507777008079664,0.03420343510944834,0.01780794313620119,0.01777315687016403,0.9889895652477985
1732312859.63647,7.051135014809899,-0.22389397509261189,-0.42765674107810236,0.004505143575035429,-0.017340507469990496,-0.00035510162502135154,1.0269010076036285
1732312859.74078,7.13365565837279,-0.2897302490494887,-0.45065807408461905,-0.02120638332559501,-0.05145825765828633,-0.05486319336164296,0.9332615994324025
1732312859.84767,7.232632842353596,-0.2875926242106867,-0.5566142572873556,0.02650310994830342,-0.014507933715670556,0.03536243521416836,1.0134226933638486
1732312859.93392,7.275457578430355,-0.15903290435587258,-0.45338130935593274,0.0019429963092381045,-0.023328315435863823,0.015464765293125737,0.9796785952242807
1732312860.04826,7.367367299744129,-0.2093381891903686,-0.469564932043731,-0.049305775144915395,0.022450984948500632,-0.010841559784242383,1.043384897567605
1732312860.1473,7.50410927027327,-0.10697999932702819,-0.5075632110987873,0.013765359750495466,0.00208295273832307,0.0074465688547963645,1.025806830848574
1732312860.23941,7.587050621796919,-0.20359808380070044,-0.4721237437560214,0.006576260888991461,-0.022328263168292388,0.018375268876515364,1.0109464837472733
1732312860.33886,7.685097155543049,-0.10875501530636048,-0.4789580053313274,-0.019781637648908876,-0.0920689108785844,-0.0052351259585500624,0.9783722326207819
1732312860.45098,7.8082140905522195,-0.2307557601652101,-0.4957701207217541,-0.03154807317229258,-0.04865097112688381,-0.014869949747386774,1.0384272587444214
1732312860.53707,7.881061156340588,-0.1129761351659167,-0.4465153239643,-0.013251380626613218,-0.05377626642918706,0.01384297974826173,1.0157733938533136
1732312860.64279,8.043835703156677,-0.17889359610824598,-0.5378567832540305,-0.044152680320365914,-0.006132998209149306,0.04844939228879818,1.0091315599192396
1732312860.74913,8.043523092681545,-0.15262739384973528,-0.4839498768389765,-0.007557353478966691,0.008774103880116282,0.02968766619403959,1.0064227001293304
1732312860.85095,8.190125763573318,-0.22075780673766923,-0.4802599313636149,0.03996831461070062,-0.03053228453065184,0.026862119102452613,1.050395606661156
1732312860.95403,8.223416241402532,-0.18522350819949038,-0.4990850142391813,-0.020265444257755432,-0.015501506170052356,0.022835731118132804,1.0195877357195522
1732312861.05647,8.3129265756926,-0.15371059008206445,-0.5304152386367249,-0.026859906612864158,-0.042497472967696064,0.017819014615190067,1.0162464939955231
1732312861.15223,8.394719377219221,-0.16612416552263462,-0.48399862024762225,-0.030886871715473364,0.01416552113824459,0.02434046562462902,1.0216232007191681
1732312861.25902,8.516981581769361,-0.1640083582045247,-0.5130485453025215,0.03277257828682818,0.01992475479753541,-0.015380643307215475,0.998052058723015
1732312861.35017,8.514836738452155,-0.1711200701075737,-0.555120976622454,-0.022522171576308703,0.04130713201185375,0.10576230460784111,0.9816306982868155
1732312861.45319,8.68662580987152,-0.09926093386831261,-0.5233342861295985,-0.04872371675417676,0.018690184338255127,0.10802733433683182,0.981901850831408
1732312861.55525,8.735961388917932,-0.11587876404272927,-0.5091839376556128,-0.03873532806722658,-0.010229487711077168,0.07765437638069797,1.0252810770776613
1732312861.65236,8.79981910559062,-0.05701921706713872,-0.45917264663481183,-0.036668513702667556,-0.011236976343876272,0.08568207108718819,0.995850563566607
1732312861.74884,8.946848645760857,-0.15835321931121113,-0.46259649440513556,-0.04819603374488622,-0.06998534895166168,0.11776720521624444,0.9672354183340078
1732312861.8578,9.008771354520949,-0.12815539135120008,-0.4751483452459458,-0.022755013739241232,-0.08783675982052336,0.13759633600641805,0.9755741906600667
1732312861.96211,9.141270245316315,-0.11018555866685181,-0.511167618165625,-0.0071905904177538525,0.009760643942782822,0.11113683515224028,1.0203346833089249
1732312862.06518,9.179436414440357,-0.07208536621947972,-0.45921823944996554,0.005174627973878748,-0.0002022721089895603,0.1039173496633627,1.0285503743208362
1732312862.15655,9.256354554075102,-0.05888982905178083,-0.5159361950360638,0.07268722969306537,-0.020137395663220363,0.15558763417917232,1.021971298240989
1732312862.26692,9.289565845452968,-0.047044144391282405,-0.529021851906977,-0.04334657784361681,-0.035709270369050326,0.11122770896444084,0.9594469645393943
1732312862.37265,9.363650828300258,-0.045268359890059715,-0.5669123476974642,-0.046717335538654786,-0.05702724493292556,0.16339071403344327,1.0370719427331216
1732312862.4562,9.475173780751419,-0.07018933518965437,-0.6028970589420646,-0.005026722282363002,-0.0026903396467729108,0.12297571418348557,0.9496643021105782
1732312862.56223,9.596962251813359,0.05870298543652995,-0.6368011836449371,-0.03359886767951618,-0.008787662404252215,0.125077501674567,0.9835519693525929
1732312862.66639,9.616668036753472,0.06694495142446494,-0.5603191523624502,-0.04853195549262213,0.010980316478514475,0.17574608752165127,1.0246255270556799
1732312862.76018,9.752999483297895,0.1576991514074816,-0.5111361818294357,-0.03474277706954446,0.04388976146318333,0.1506943219783625,0.8867282112697477
1732312862.86023,9.87582682042223,0.09646990444982292,-0.4918605532571174,-0.06518652648521638,-0.03585918542571576,0.1633777528240118,0.9983306933232592
1732312862.97272,9.919522462625503,0.15580246048652047,-0.49879913856911867,-0.02456237391421035,-0.06287610466452878,0.24561410984918486,1.0049181780984286
1732312863.07133,9.997051240287442,0.1552505023135068,-0.5544260648255972,-0.019153978234539532,-0.015614808615653725,0.23202668683274733,0.9849459546256629
1732312863.1785,9.996684852037545,0.15359886791980945,-0.6052742714553466,0.011108286154127091,-0.0030578317881421197,0.26095987010997773,0.9923846527057646
1732312863.26414,10.106661208283404,0.10840405201754978,-0.4814281809929854,-0.04646454179326252,-0.05704955170491468,0.2340078899385424,1.0006200000594576
1732312863.38346,10.058955299032588,0.13558630597900753,-0.484708372846519,-0.0005895033513986479,-0.00786691488921567,0.23411743376646754,0.9296903054072236
1732312863.47546,10.223175625172848,0.19774201841557626,-0.5370056414321126,0.013249209189317542,-0.01503092975006923,0.2883351546065151,0.9432999577528274
1732312863.55325,10.116598066871365,0.19298790303823765,-0.5336760071521675,0.007228924808444073,-0.03583082082204749,0.3308434955283469,0.9966092550166107
1732312863.65721,10.27332625652985,0.20625713960783068,-0.5484288850387691,-0.05006442257549854,0.00976502770774751,0.29076986840614916,0.9968278801073331
1732312863.75712,10.33063955337902,0.3149171308211961,-0.5452512585019342,-0.015246072573170998,-0.028303502507370078,0.2881852449030223,0.9324842317153714
1732312863.86809,10.271804930382238,0.3592493253226416,-0.49151791341001994,-0.03420862391101849,-0.026020594678515148,0.3288769892998306,0.9527224599779371
1732312863.96104,10.310553503658594,0.33719573043274603,-0.5134143727787767,-0.04893846738214562,-0.02550250262875243,0.40630219878797696,0.9683797629675603
1732312864.07891,10.34438109280307,0.3963944730454099,-0.5659091084827014,0.05733937100588319,-0.03353633178348417,0.4203410465659228,0.8841330641965509
1732312864.1715,10.386806229952475,0.4223995245873034,-0.5504404005601229,-0.02293054047037926,0.015129325765111544,0.46098344756470166,0.9030327525713999
1732312864.27031,10.316445585547786,0.3882091904845975,-0.5450867948628867,-0.04795008491584303,-0.025766567335338487,0.5005139007470227,0.8708555462378905
1732312864.37581,10.362379093493598,0.46550515801627,-0.539254453414136,-0.0453095071007186,0.047070006596786826,0.4615834374466523,0.8769923940017791
1732312864.49064,10.28310648268824,0.4979210015673704,-0.5217017401562462,0.019989907672827795,0.01813102876324649,0.4802142734391049,0.8665501967654587
1732312864.58894,10.286888539667041,0.5148095163796471,-0.5358386924701762,0.03720367639330506,0.02283450591255083,0.5659670239359553,0.8540642704878729
1732312864.67391,10.357580901278848,0.478919249696864,-0.5773674461664727,0.012357343894926152,0.01331232251429841,0.5704053280288707,0.8516974954732602
1732312864.78564,10.2981156066842,0.43388397455572175,-0.5276101922629524,-0.016346036644484162,-0.07272141446487591,0.5741564564952416,0.8444050733901513
1732312864.88832,10.290975224752861,0.5265525112540064,-0.5413362289311593,-0.057441505842016,-0.05520631120828627,0.5336932311759643,0.8536684620489776
1732312864.98051,10.299603133496442,0.5253355130712436,-0.5021448351592424,0.02873342803132862,0.045430117608879564,0.5340667596445035,0.8390805386783239
1732312865.08551,10.229871207724841,0.4345727981833678,-0.4573816715582836,-0.020037470187718717,0.019837390382262326,0.5570337854462662,0.8485346551892476
1732312865.18724,10.299258703945316,0.4412688560359197,-0.5047994433812406,0.048855347851607174,0.05756040831404686,0.48704055048437783,0.7965087642014436
1732312865.27633,10.283743092154422,0.472375394793119,-0.5757064688451871,0.03044849632190478,-0.03898234949468994,0.5183777321015611,0.8069492063848368
1732312865.38069,10.285930108196414,0.4191337325215694,-0.5452703121109095,-0.0020207542126568726,0.02332704639743699,0.5944553468859163,0.8419271750927554
1732312865.48867,10.267104691446368,0.4518215575531361,-0.477690478314723,-0.02277639813039141,-0.03389737927271551,0.5730116239664919,0.8398120388978901
1732312865.58883,10.28123249169591,0.4572098240040392,-0.55524049698463,-0.008500258653582678,-0.012591873928949539,0.5530545088516735,0.8294224053371807
1732312865.68433,10.285735633162792,0.4990226490592889,-0.5517107932593444,0.019310610494366057,-0.010723650735312798,0.5422178670787665,0.8714960483685769
1732312865.79109,10.251373653491187,0.524152525970139,-0.5288903982344768,0.011248498075386748,0.03201044379499648,0.5752949706153836,0.7956450492536672
1732312865.88929,10.229542065137784,0.5503158080894422,-0.5854535372909867,-0.026902541856603443,0.042901446397566156,0.5555863197701496,0.8686765230568291
1732312866.0039,10.269788899964285,0.5873051149396593,-0.5861349616706524,0.025326440929816247,0.029427283619906968,0.5747343709805146,0.8046931422919277
1732312866.08358,10.330797729084878,0.66621408457423,-0.589539077591951,-0.0035440641911871533,-0.0003418843245196722,0.5814532779760447,0.7977240717268563
1732312866.19006,10.398492394413283,0.632545163027133,-0.5334583021451722,-0.015332135529099327,0.008751336259133552,0.5335284536840103,0.8385370562309198
1732312866.29852,10.40920055565732,0.7907442888258691,-0.5519328522628969,-0.003629297332225189,0.0005190943341864818,0.5059492918548204,0.7611481426933816
1732312866.38669,10.432722428651212,0.894733910116868,-0.5477354912340805,0.04083358623646871,0.015591283253053825,0.5933495599248121,0.7948567348504294
1732312866.48983,10.505396989803529,0.9475668788402059,-0.5602458607413356,-0.03424133739939974,0.022323750159865784,0.5994677989861695,0.782207130058998
1732312866.59458,10.499063128154548,1.0199121724203535,-0.510400180985049,0.02192556955637127,0.056967186630272226,0.5702905815536259,0.8309921702893815
1732312866.69016,10.495507723616514,1.1555234289752379,-0.5324620058319661,-0.013385960848493366,0.0526139450822077,0.6054353391172923,0.8369536095917545
1732312866.78841,10.522599525712936,1.262647590781602,-0.5446567186276428,0.05921455165954603,-0.014449356971818081,0.5844053532898019,0.8002844279147183
1732312866.90039,10.567307339981626,1.3758626273262216,-0.5781289919031359,0.006037641931668635,0.0031733648485697628,0.527196266253087,0.8015797491138941
1732312866.99007,10.590441915506199,1.49025159545637,-0.5402137446899649,-0.022641846692339963,0.012570680123905381,0.498724459874799,0.7837940209153755
1732312867.10531,10.566444494507206,1.6027242441038214,-0.5329001052573359,0.029632220729558133,0.005904681203034792,0.5323887713647847,0.8450416302098922
1732312867.19313,10.612927786429335,1.6674720515591785,-0.5576186626803059,0.014903053100664924,-0.006580536155966998,0.5757737805717967,0.7667528809232556
1732312867.2987,10.67449940835052,1.7935440359670751,-0.5724527476700608,-0.031423217392024895,0.0422951389930891,0.552916387497591,0.8399717698924792
1732312867.40358,10.709634858770654,1.836476087391803,-0.5906058599991011,0.008166098917915355,-0.004677554109515768,0.5248142607658193,0.8618675780761664
1732312867.49223,10.785413461613256,1.9217169028252166,-0.5773909413741856,0.0013217522218302493,0.01754069213366452,0.5970377620572584,0.8534007712858427
1732312867.59758,10.850051402317575,2.074706154784794,-0.6719805837949209,0.028016320151179497,-0.034882923166686716,0.5654314715247777,0.8391811590232188
1732312867.70499,10.961473699893908,2.1182677602109403,-0.6741418961345299,0.02279977656503318,-0.03627521334370538,0.5554109248683824,0.8368052578477976
1732312867.79858,10.995639035425073,2.231333744643921,-0.6990355593495622,-0.015216569192651266,-0.007797840709671572,0.5464294652703786,0.7931065992262839
1732312867.89935,11.029848601817587,2.328713199402371,-0.6842055849019981,-0.011652710242923216,0.05492810215950032,0.6264339281612723,0.7540269790990812
1732312868.0043,11.15716955893327,2.392155637717785,-0.7096215947319575,-0.010298429200833886,0.015215409977686866,0.5658196802495028,0.8360978769137547
1732312868.10012,11.199864675137514,2.494189103416688,-0.6583577177155417,-0.01579562317591596,0.024583161650679936,0.5869184466285258,0.8441234210687402
1732312868.20051,11.153735316999876,2.615714118562393,-0.7410517226536226,0.026201933305937036,0.03331133424718177,0.5477712207546584,0.8401522764253199
1732312868.3013,11.221253464996932,2.722056959845236,-0.6920547732820339,-0.023813838097626196,0.0160778786890539,0.5367470099650441,0.8272254732505292
1732312868.40695,11.20152097312683,2.8162803658767337,-0.7331961491901827,-0.007309492254074356,0.01579429941796359,0.5440214953720206,0.863317811552037
1732312868.5147,11.31713122806548,2.872528432498603,-0.7528359376563439,0.008945092121808362,0.0899525558425634,0.5928882677044504,0.8323755787147634
1732312868.60452,11.338263285063492,2.980257945250706,-0.8005152337926019,0.05224678257821098,-0.039590675548821286,0.5396056000112801,0.8028910604330848
1732312868.70634,11.381569020340839,3.0805718055054676,-0.8135802993396319,0.022980687363200525,0.025957148387708687,0.5597239201096225,0.7883496931370675
1732312868.81198,11.492628730071253,3.2367985199352427,-0.8388986856909024,0.02879810550399072,-0.03340998980892828,0.5371926471528565,0.8638330155494021
1732312868.9072,11.514572134394436,3.274475804733437,-0.8819832008318165,0.023297545186823525,-0.043474746568339044,0.5267206262714701,0.7475923697454161
1732312869.00645,11.493175704742713,3.3937817653282214,-0.8970640714680498,-3.528415195081999e-05,-0.029389831310919632,0.5749255806166274,0.8436517353918662
1732312869.11521,11.510992807216041,3.4738307052183766,-0.906690549047758,0.001788642654805293,0.02657653024893521,0.5892586589300675,0.8196006607764735
1732312869.21073,11.50254055777862,3.652601196128133,-0.835423837206327,0.01329604701581201,-0.030732017225133797,0.4672107010596479,0.7985984587033385
1732312869.30964,11.503946260683739,3.7099509374413433,-0.8585510591996875,0.029657393344103056,-0.011116421261965291,0.5577326070876444,0.8201137456428692
1732312869.42076,11.539411723232726,3.8025658770179214,-0.8306358295423275,-0.062484923343724,0.04685182811902057,0.57347099208704,0.8208723008335236
1732312869.51989,11.541649224755565,3.8923020769898313,-0.8288839493619343,0.027498456868461398,-0.009976002274717474,0.5710600786438093,0.7924977800022566
1732312869.62385,11.633940366260513,4.001306394050601,-0.8101749440089603,0.03218783511287461,0.02152357271584019,0.6177813493455746,0.7991574533803097
1732312869.71444,11.75322833870017,4.106072626033569,-0.7780159587925464,0.027818529720817747,0.04563036363624828,0.5510713640867995,0.7960834286099128
1732312869.81815,11.800103243501534,4.193814592586769,-0.8280950455269853,-0.009743896242582248,0.033857593167529676,0.6022381378436402,0.8155466032929167
1732312869.92503,11.799810973965002,4.309218710406185,-0.7486364974696444,0.009261034429051488,0.05077345706033035,0.5637869983299942,0.7639264302198242
1732312870.01255,11.81816820180467,4.391980351842494,-0.7688471634021252,-0.040905541919052706,0.019122279652208706,0.6165479258465623,0.835427522071052
1732312870.11609,11.986785890799082,4.5041022904181185,-0.7644331829669013,0.012982009196213274,-0.018382400469242086,0.5772339447778997,0.81406236628015
1732312870.22259,11.90551162267786,4.5911102671051935,-0.6679165054174269,0.00978160675513454,0.00962607081829761,0.4674590817943032,0.8160083681724077
1732312870.31654,11.968839612442409,4.74885832635656,-0.7270195599557108,0.0015416700412883807,0.04415338641762174,0.5773053075671791,0.8093714958579753
1732312870.41895,12.063699109178927,4.885980007623946,-0.7589050292437339,-0.011512384297732083,-0.011986075362067484,0.5369482918724193,0.7775342873967996
1732312870.52928,12.007275439651458,4.93102015867093,-0.7424949956694018,0.009692698149398563,0.014001616184356616,0.5136683498331187,0.8146278497119968
1732312870.63506,12.10872777586515,5.068540564912542,-0.7255199126242194,0.028564187719857262,0.06530376837988645,0.593644645687528,0.8300537654634045
1732312870.7322,12.109188743192437,5.084986570642398,-0.697865410058984,0.026059467241642736,0.0265290931847956,0.5813697270007755,0.8509319116985673
1732312870.82133,12.21935000658091,5.185176331807442,-0.644117605599501,-0.03324111044114132,0.006519171211050171,0.5720775932210639,0.8218019604311174
1732312870.92641,12.23739834036733,5.383487002432407,-0.659190785026716,-0.011141652852914352,-0.040343983337838764,0.5439714365218155,0.8460180413591596
1732312871.03611,12.329361716181783,5.470992594703377,-0.7276990448564266,-0.04545229533219987,-0.010251291444561605,0.5976587422398777,0.8394627009535024
1732312871.12526,12.317525631083669,5.561189704806468,-0.6977900902858951,-0.03564143960390858,0.012168145062459836,0.5653764330060604,0.8223304980204834
1732312871.22933,12.281847343954496,5.560292777945413,-0.6480018972981162,0.008006182768573745,0.014421852521775906,0.570055045732494,0.8170451041176817
1732312871.3312,12.312397334567805,5.72569450934333,-0.6641513116322137,-0.02885816773553207,-0.0643585058396032,0.504197281973081,0.8454350662721468
1732312871.42637,12.37799107030688,5.881427945392461,-0.7066001660445796,0.07315171215941714,-0.007107920352845016,0.5476999290090839,0.8097422885953837
1732312871.53658,12.431945793978581,5.944247946253431,-0.6835407384368878,-0.0010036490225431745,0.025549366971369718,0.5399463905884875,0.8149552327850655
1732312871.63445,12.434988919877002,6.079252013612923,-0.715896133700574,-0.07211054207204062,-0.009650151684507719,0.590042190883805,0.8002878304673272
1732312871.73508,12.455607965361276,6.1266593703710015,-0.7260951709644665,0.044553857561778154,0.018957535731596933,0.574578937614376,0.8493478963877582
1732312871.84744,12.500387368463208,6.227166854067158,-0.7585528376874563,-0.017587573074942003,0.0010250011126321278,0.5484413604417627,0.7826149912650069
1732312871.93453,12.567640193476844,6.33188389760952,-0.7258356120685003,0.03673383761688702,0.003348183478638269,0.5200526958007086,0.8125571175118624
1732312872.0368,12.620277699363399,6.370734850394321,-0.7916705519631043,0.05020677423682917,-0.041813537809356136,0.5648482404071725,0.8330712525536931
1732312872.14293,12.636873122125904,6.53235530720734,-0.8150639570867582,0.008413570915672245,-0.03760985403846809,0.5874399979918302,0.8427034730741656
1732312872.23232,12.675589090401393,6.586027443326796,-0.8079472738217656,0.050203876674538246,-0.039722006860680344,0.5041762169467487,0.8084734478485125
1732312872.34014,12.69254909542351,6.757104493350972,-0.8597001811682654,0.014807918710878297,0.02122627219888523,0.5832032705497451,0.8386034757308
1732312872.44635,12.699345112292528,6.7897160750949475,-0.7168514006675151,0.010324760437124722,0.006799119847480366,0.5904280388050764,0.7916623232783111
1732312872.53957,12.738151145633656,6.888967916845019,-0.7955227996304751,-0.018033235953010894,-0.019696258827551313,0.6262686646907023,0.814086759084427
1732312872.64042,12.754248187777062,6.972275749229908,-0.8264927883032,0.01544591947194665,-0.05965457967770003,0.5872361375477905,0.8331300538629935
1732312872.74635,12.806252287464057,7.113140651620365,-0.8418556700629968,-0.025938066495142714,0.04277806548483977,0.5904670332117167,0.8265422999180158
1732312872.84664,12.844369878240482,7.157008596335977,-0.8026316439943936,-0.010679635847465589,-0.017301682783447563,0.5467954243787527,0.8037117158439414
1732312872.93958,12.813879793957344,7.274083561663172,-0.8700241979567647,-0.014839485365246997,-0.027140055253505536,0.597385710607229,0.7993678474026407
1732312873.0479,12.909997526925556,7.421007554080186,-0.855566548522387,-0.020288621182156526,-0.024432002090517723,0.5876769321140605,0.778268195488373
1732312873.1504,12.916005464946252,7.483668168873568,-0.8932274558553177,0.015621732379660122,-0.008121325679125421,0.6311901160215703,0.7753358004804446
1732312873.25851,12.995647013170208,7.565367974407015,-0.8858705236927139,0.009681641196139968,0.0017760457648895028,0.6597748634410469,0.7926684796088833
1732312873.34561,12.979033224726312,7.605039860025617,-0.8259327524888633,-0.029063344794726952,-0.0017824606073904257,0.570608506134926,0.7355935301127899
1732312873.44778,12.95963671503754,7.755141427798772,-0.8903469285236091,0.01656234248338693,0.008172305929658948,0.6697495656743419,0.7995878465419277
1732312873.55641,13.101608548211864,7.815662027924989,-0.823111210299606,-0.011146356728527113,0.02917663192656097,0.6028909245326837,0.7689891649729955
1732312873.64912,13.081243706911787,7.9548853040919925,-0.8479810221987621,0.025215811157194214,0.029526204411048647,0.631983945244738,0.7402431255409924
1732312873.75238,13.064479262920873,8.034344481326638,-0.928095507388438,-0.02137225665461579,0.04867900877766418,0.6351185730866865,0.7634600601601776
1732312873.85593,13.158267678479769,8.116317340265143,-0.8824346661990528,0.0739303191139699,0.015150595179885205,0.7085857149797519,0.7031593801855885
1732312873.95208,13.157609134171578,8.160268985904967,-0.8724944865555048,0.025050242128282062,0.01113378457187903,0.7050532043890554,0.7381486914380673
1732312874.05323,13.13406990881378,8.185642548331243,-0.8577658933747093,-0.05639582382185036,-0.00022331493749480472,0.7252112531065857,0.7160906108229906
1732312874.15414,13.225281385123344,8.311351068714433,-0.8120028917433106,-0.01726760650222194,0.00917251095568417,0.7296225163701991,0.7003491916499817
1732312874.25864,13.21520228575721,8.329479050645368,-0.7978739611011545,0.011527574760951386,-0.032332110424899696,0.6980840695382164,0.6537085279194005
1732312874.36408,13.14405360181241,8.436192452324244,-0.8052597355405747,-0.030876062154901743,-0.0024367795055055654,0.7352703285056461,0.664123235641172
1732312874.45521,13.147467255136354,8.495179700913221,-0.7974255913296827,-0.006358963369398518,-0.03709112143695354,0.7855049599411071,0.6699818154330992
1732312874.56035,13.131697861029377,8.549046809057812,-0.7959275758563291,-0.041945743083685094,0.03140806257661016,0.7616855891070828,0.6163145609964219
1732312874.66364,13.078215885579565,8.598273540086165,-0.8298198768631394,0.05681116771281567,0.041489978033659385,0.7624327638035666,0.6405049043023713
1732312874.75941,13.058435277760687,8.658463200036733,-0.8316590234679215,0.06060497246686636,-0.09844409005199865,0.8017774494066496,0.5828369912019323
1732312874.85879,12.976164109420735,8.682065235306537,-0.8337330970626198,-0.016623003158699568,0.01977259622954255,0.807802211865924,0.5408601344847466
1732312874.96489,12.937411130437734,8.730010250780122,-0.7857389334334033,0.059484621980284785,-0.060394491850489895,0.8964729020254949,0.5447669280642476
1732312875.06049,12.898584321173699,8.738063067042772,-0.7987786019581363,0.02058095556703665,-0.08653640975909244,0.7941030379125547,0.5062735766196458
1732312875.16547,12.906009054463071,8.8147364916033,-0.7835817499414198,0.0317146345920805,-0.02477625694192649,0.9283804440233315,0.4354803538901491
1732312875.21756,12.888892976662452,8.855484972772798,-0.8683077230363664,-0.006521085247823112,0.01565867042935594,0.9546455044293953,0.5027286072399988
1732312875.32464,12.863408558258506,8.819658857330326,-0.8244282158186571,0.046651841254016654,-0.01206661920910455,0.9156509705601529,0.43339428375684463
1732312875.43609,12.793948029301172,8.880817432562754,-0.8325132238478407,0.011145829472858656,0.06178257755071196,0.9197257514922659,0.44560041004361717
1732312875.53426,12.767437321528808,8.931830179702644,-0.78154865810554,-0.015390935863943843,0.005561085141745356,0.9319671885705444,0.41607942985785695
1732312875.65496,12.694750916069424,8.959884321994307,-0.7895316112485796,0.0005864114042600302,-0.04169914348443665,0.9433133501559513,0.4281588297082025
1732312875.75926,12.620957369436947,8.9652061378067,-0.8033557816837578,0.0461627174845231,0.021877615172989383,0.9170256639262011,0.4338271755006482
1732312875.86556,12.599059331932464,8.99716405304248,-0.788645480283882,0.0019436750818199533,0.031547894327209586,0.9159407558237731,0.3373450311977838
1732312875.97281,12.465088273646368,9.048302116166925,-0.7958857620650868,-0.01740528494121796,-0.04525468887636823,0.9775633694338899,0.3549085573461885
1732312876.07627,12.376950226800167,9.060412933744178,-0.785062417409642,-0.01449686053769586,-0.026491654104869172,0.9398204304059374,0.32868539766835586
1732312876.18136,12.30122651587585,9.098035121855375,-0.8022562130394548,0.05249038494341127,0.049648413104944555,0.9257671820607691,0.3084138417366526
1732312876.28334,12.220885245991893,9.114224370162333,-0.7079612635026917,0.03695789419139857,-0.018776180560897884,1.0126024817948869,0.266057079759119
1732312876.37852,12.209858304113462,9.236156304893393,-0.7852146142901048,0.10561818022675573,-0.00047166034591310203,0.9612610657186598,0.2506269372083241
1732312876.46428,12.162763291388343,9.233722065766601,-0.7437164044778424,0.05537354419123947,-0.022106640300875398,0.9645804226128807,0.2205850551323755
1732312876.56898,12.095682178188488,9.27093422570816,-0.7149540337955779,0.04940436719513716,0.026436026781215476,0.9378042293227302,0.23123843603641436
1732312876.67372,12.004936476737042,9.277081635807985,-0.7689837084655493,0.09840696903329602,0.05345407867427893,0.9348773838089875,0.2440074288547277
1732312876.76882,11.849693015426265,9.311270802394816,-0.6921060147651897,0.01948374974375429,0.006464875439180421,0.9417327723030801,0.23976596567182418
1732312876.86893,11.728528338809292,9.353930109366516,-0.7992502381359734,0.056257144564654166,0.034137449705013874,0.9328335178060491,0.26251953660505556
1732312876.97371,11.660535887910477,9.417655195031232,-0.7403329598372799,0.04702320223083462,0.0192049069997672,0.951337344395686,0.19671684045198726
1732312877.06803,11.556405834539362,9.537805003257807,-0.7613712782442726,0.05351500808978685,0.0003626244764150643,0.9292346694413272,0.19531920760444216
1732312877.18452,11.412532658073962,9.501877991728243,-0.7141349617290694,0.015578413431027203,0.023941501953265287,0.982891222450606,0.27136611878658834
1732312877.27223,11.289070512887006,9.597669571983513,-0.7541150416273766,0.0023371398619249847,0.03328395262505256,0.9908899699934749,0.20439040356429913
1732312877.37838,11.197167883527412,9.655948521056397,-0.709666129626844,0.08258444574532053,0.05485495354177146,0.9803884399924832,0.16995437533035251
1732312877.4883,11.141887252679586,9.661992193593411,-0.7842384196475295,0.03325301732438299,-0.0009925607774769127,0.9713062026579643,0.23043673893744332
1732312877.57395,11.006192093882502,9.722380081856965,-0.7471542454406148,0.039080129239849715,-0.023544556424275286,0.9760091337021088,0.22943807659498183
1732312877.6786,10.9300738472369,9.784467310920165,-0.7826767615262211,0.005659017252200756,0.004914007331965073,0.9839181786101205,0.2113301798715346
1732312877.78351,10.835374097191393,9.825146666023441,-0.7273746398259123,0.045028713888437044,0.02502945370802497,1.0158264082066313,0.23982053475682832
1732312877.87781,10.735480377697659,9.863103707272789,-0.757738796969614,0.025948280614942608,-0.02277701181386609,0.986955434203032,0.24738633732231946
1732312877.97883,10.593333295308671,9.875412241777092,-0.7430562197406575,0.03074462368535061,0.06247148205592008,0.9575112531477786,0.24375392561536324
1732312878.08305,10.497311413372685,9.981549116998163,-0.7366181465023593,-0.015917039106700764,0.0439409129610612,0.9782388367520161,0.21581887051955312
1732312878.17814,10.409394689143834,9.997447078534954,-0.8065987887505477,0.0804939231831885,-0.0027334204990606195,0.9853542491770217,0.11546324353417545
1732312878.27723,10.324782704587395,10.097035533432893,-0.7292533184783577,0.03394550151746506,0.02441645495774953,0.9818977104989537,0.19425108492165677
1732312878.38255,10.259860462557679,10.20367619900228,-0.7005449732476965,0.05516882666083933,-0.00023711495862829834,1.0088220740651412,0.19857365998242238
1732312878.48738,10.144879613160684,10.14643073603891,-0.7590006742557185,0.010147880467689552,0.028349824836750123,1.0137814465487425,0.20174070735123084
1732312878.59637,10.019894914567791,10.194815127835662,-0.7908738237039585,0.010651995385063168,-0.003494680020878614,0.9835990109994641,0.15482711087992038
1732312878.68646,9.870664516124595,10.298862351537586,-0.735290869713474,0.07849847961519545,-0.0363559053820535,1.0292351756347151,0.1843264918192748
1732312878.79173,9.806655806901539,10.297745735057951,-0.7266888172948535,-0.029849765464184875,-0.0014997626026337259,1.0081298164386086,0.1773453907801798
1732312878.89201,9.734033043431632,10.285087200451187,-0.7137687350465474,0.009340482505401374,0.008775024948582753,1.01242906166261,0.17123017265261786
1732312878.98767,9.576496968988899,10.38597755231734,-0.6895752275858427,0.03535536888779443,0.07119041410477303,1.029738827233031,0.19519892166066133
1732312879.08665,9.554948636113396,10.340589503787077,-0.6989339640809863,0.06636615905797492,-0.0377709651592868,0.9920360964126409,0.18109755094934624
1732312879.19182,9.476566287129959,10.417806321356869,-0.7081849512304917,-0.011204151998518187,0.014903970929505574,0.9632596022699971,0.13969289500528176
1732312879.28599,9.269416753997836,10.532083059845299,-0.7002593567512586,0.016048564250990778,0.03179586066839417,0.9655297819057141,0.18448369145283242
1732312879.38646,9.212797279764201,10.517133179125162,-0.7004720647371009,0.07138268044318864,0.039560200867299,0.9565605524518496,0.15898472559852259
1732312879.49216,9.103448672801429,10.481942186754354,-0.7593241954873491,0.04462925959443713,0.02396499804480561,0.9747427295955664,0.18045532958668403
1732312879.59609,9.009931447862703,10.582292699252298,-0.6798116672654421,0.02507362496422518,0.03052465914077271,1.0026174319534067,0.17139053657049697
1732312879.70182,8.893787110186896,10.607271192789478,-0.6629064315683261,0.0225892539546213,0.0010174069347572393,0.9374481558060275,0.1546952334185811
1732312879.79092,8.706166038894406,10.65719140353006,-0.7292922453268077,0.006982539937947608,-0.014918415421741663,1.0212302053116213,0.17444542202990584
1732312879.89634,8.62342103827559,10.728529360293646,-0.6447271141612619,0.06343672259163882,0.004977857830374149,0.9843061475784083,0.1730370915972882
1732312880.00185,8.576392946508227,10.697003780298184,-0.6408720977824797,-0.04627814257792819,-0.0014339507981192944,0.9261379172295857,0.1850854675956848
1732312880.0969,8.463777915561558,10.7582897931271,-0.6999274393384227,0.0424754166384759,0.01589616193594975,0.9572407716795607,0.18031608129957896
1732312880.19638,8.31368655302072,10.783321128823431,-0.6528299212692741,0.037017702569393414,0.06817565448719451,1.0000787921991459,0.16810560815343342
1732312880.30252,8.245526796974977,10.866795496394703,-0.6561959073342978,0.00014072512172543655,0.02352378537783603,0.9875181674157186,0.2247758440836856
1732312880.39606,8.089206069899014,10.900883761132498,-0.707305284424295,0.0008550775076653621,0.009132219810345095,1.001614873565391,0.16819367419321543
1732312880.49707,7.987750459740672,10.943987422196908,-0.7383908289883522,0.03072014284825975,0.019803094767902416,0.9485075879754938,0.24211745883840918
1732312880.6024,7.834836252892408,11.034182600832732,-0.6858137858342457,0.017976009469915028,0.02882789763309032,1.0205149076141113,0.19628771549052967
1732312880.71025,7.728106172907269,11.046625174986431,-0.7314497767882165,0.05089228464203933,0.012971154772854685,1.0280857681084279,0.19788074458605626
1732312880.81432,7.617036943435881,11.095610395795477,-0.6769554374731579,0.014817772164529435,0.03527396788144952,1.0085235204752205,0.19226085999238735
1732312880.90156,7.52762924169633,11.108874561923132,-0.7145709362939013,0.055278972852171496,0.021659192095299797,0.9387161113789372,0.15051526961471234
1732312881.0078,7.479601594789859,11.09248296759473,-0.7161168915241545,-0.012737869720630679,-0.00769815698437902,0.9907200846809678,0.21346688205142392
1732312881.12048,7.363701771875034,11.16863544605006,-0.7283578448321728,0.0419035420121085,0.059347425218833474,1.0431262420071725,0.20601300123512306
1732312881.20235,7.245087969361187,11.20565959596996,-0.7120308984229107,0.02092559288629825,-0.020739674264631327,0.9802847370428663,0.1845335436565962
1732312881.31033,7.145757376881312,11.177341854307317,-0.7253513364848967,-0.04896924306107801,0.020701076198171707,0.9605201543883434,0.1618990443523634
1732312881.41595,7.051059533164117,11.288344369681182,-0.7401812567002016,0.012385163100783662,0.07241135199551012,0.9717391193601733,0.19815429417554764
1732312881.50816,6.914327125490973,11.292944310065907,-0.6652220861027069,-0.03327536909174171,0.018798926028195172,0.9988405392806284,0.14806277462428624
1732312881.61064,6.8446046980286,11.322311787614034,-0.6769832925520446,0.0527703805480689,0.056085997347520004,0.9921774820556654,0.19684885117391807
1732312881.71392,6.687228065032214,11.351612089481819,-0.7238307234737311,0.01034552062063658,-0.028822493067803774,0.9587622309044423,0.2521857292298586
1732312881.80722,6.5813896137445695,11.417677720938473,-0.6944208739822728,0.021563540249550983,0.05863720392414122,1.020798668288704,0.18694572987910263
1732312881.92278,6.476096380677369,11.437534759695426,-0.6716069424781497,0.042851816150419005,0.034693822559496296,0.9393912750282484,0.21193282299402927
1732312882.01222,6.3983537416700145,11.476483095578423,-0.7130881662099483,0.049565424258745945,0.056992802167143225,0.9858206884407148,0.21420565513897827
1732312882.12806,6.257546027505804,11.537087120468184,-0.6354186090366498,-0.0378199982023351,0.04535447768971809,0.9410966413189141,0.2415612058839474
1732312882.22121,6.212422096497586,11.602570001263574,-0.663164096087555,-0.03901304382467102,0.015488489461854243,0.9726195071552878,0.14994338878572466
1732312882.3127,6.10302638878052,11.625123217764843,-0.6318826149587615,-0.0075091248954276095,0.024994636433679857,0.9841456217561247,0.10806064367156658
1732312882.42042,6.020654253800726,11.608931787778277,-0.6723053073867239,0.04030573686610915,-0.005990923688121034,0.9982884490199719,0.14746985873396354
1732312882.52342,5.896227583154821,11.696964939297855,-0.5542990328819765,0.01686212593849728,0.005304311500083701,1.0140453963494787,0.21204330776303765
1732312882.62009,5.824540558049422,11.727242201814878,-0.5630810112326686,0.02803486932045509,-0.010197248109517077,0.9463672336801409,0.10522759624283566
1732312882.71818,5.747914975836149,11.760568913324875,-0.6125581507217351,0.02383255523490644,-0.05857951264871016,0.9384834850356408,0.18511967039995528
1732312882.8228,5.671444368193364,11.805593836535964,-0.601752488459141,0.006789983683943686,0.012712558272442095,1.0031904830952052,0.18081747239455062
1732312882.91767,5.540029125802658,11.757799845595825,-0.623461285325078,0.03061382450237743,-0.029550224714452438,0.9294501608070278,0.16988623256185653
1732312883.03177,5.458683199012325,11.813245873539135,-0.6519684439303987,-0.002068745227999722,-0.01556065870090443,0.9926217102378555,0.15161489091390246
1732312883.12212,5.381431088306162,11.824904099532178,-0.6673732184786744,-0.015235244636838157,0.023029893659170027,0.9989562833000355,0.20226091644818284
1732312883.24412,5.2723558941680775,11.818543018532214,-0.587044579807435,0.05514948547906331,0.06581107198440808,0.95749300375599,0.18296552593531185
1732312883.33172,5.157165251307146,11.913489935127487,-0.5682099965241817,0.0032125884979873846,0.015627755988334373,0.9520786030747209,0.19438740380824926
1732312883.42197,5.046570798688218,11.895665418181986,-0.5896681322551053,0.01578512079800505,-0.010665777674595974,0.9546880422000599,0.15086229123387596
1732312883.52824,4.921623140855307,11.909036699516312,-0.5944317718299017,0.07974335668446206,-0.006850617730082473,1.0041665062029346,0.17851406699811312
1732312883.63285,4.872930782195405,11.982447903488675,-0.569097271319592,0.012782968570043178,-0.037351963943291946,0.9663342266562421,0.11576334265091873
1732312883.72854,4.81165118120241,12.032302659035503,-0.6094692602925067,0.047470079360878936,-0.04149216816162246,0.9714873825961122,0.18043218447959292
1732312883.83003,4.6810919181666115,11.988873352766278,-0.5795320853059779,-0.046805070198650774,-0.046947942154075065,0.996831221732104,0.2073766511955912
1732312883.9327,4.602838140616635,12.090222416682575,-0.5810732683777204,0.05478774435006129,-0.015412608076298098,0.9907482836089844,0.1585831865151906
1732312884.02673,4.387938487444108,12.0761808215,-0.5474072438942795,0.0419224306628565,-0.0007673690943671612,1.0015017617360706,0.21097212271351629
1732312884.12713,4.377472557175394,12.115501372411346,-0.5687399016865804,0.00510056836628494,0.045226077945172576,1.0046110775197838,0.22617629138764203
1732312884.23133,4.285191058522132,12.127080776519469,-0.5961558181077729,-0.017453528538371517,0.060612970655086876,0.9751175107547915,0.23098563172307152
1732312884.33667,4.09326571548638,12.140838281046053,-0.5875836137699353,0.037800996992329056,-0.04537544320099779,1.0155425582380646,0.20755710980233996
1732312884.44835,4.033932860661264,12.243433144386689,-0.5542569249226541,-0.018353235304915137,-0.012808484771259475,0.9435623790089326,0.18259504871384147
1732312884.5369,4.00073175550477,12.266095304573353,-0.4974765659849213,0.013941568429899059,0.023405242292898962,0.9570321317081575,0.18343141228062163
1732312884.63678,3.8738063398493914,12.289572329020105,-0.5138379558665999,0.02529469487982369,-0.015228868193808073,0.9764140218865134,0.18388447308274564
1732312884.74287,3.7967588406395665,12.34230353541518,-0.5268571666974114,-0.005450709659351153,-0.0265940962870147,0.9410863559913245,0.16183835925236134
1732312884.83945,3.663314394799088,12.363905420006676,-0.49151031138604884,0.0036205692355355795,-0.0012894317793666734,0.9757565269980198,0.14325731705295983
1732312884.94083,3.5643324644896652,12.456418781276955,-0.4056821232318943,0.006197439113687569,0.038426560898431765,0.9562766126554157,0.20171302399060018
1732312885.04865,3.4749873484788054,12.474883519124289,-0.426616615472724,0.01816037759199625,0.033712879145256294,0.9999585163394583,0.20722057633738375
1732312885.14083,3.307623672078145,12.48688915818152,-0.40193511705970364,-0.06840931867720045,0.05270479466957601,0.972084153358069,0.1912543708092172
1732312885.23938,3.2334180007978968,12.567759095326215,-0.4066558696382132,-0.010997474464770394,0.07423029642080306,0.9396070345570521,0.16074026364237168
1732312885.35243,3.1610009473537715,12.607112626538084,-0.39045552093283903,0.006350088702230285,0.04234005742612788,0.9309129166695799,0.17897779323312807
1732312885.44262,3.0228696823619385,12.61615698401322,-0.4610200723422142,0.004970807761292146,-0.04614071724147603,0.9893483163313805,0.16232269444845948
1732312885.55238,2.936876836398439,12.689149256179553,-0.3990896190788449,-0.022524833101149024,0.007573431604827381,0.9682194781989055,0.20645939039512218
1732312885.64807,2.864541170429593,12.764118350728223,-0.4353904601310099,0.021496389949344982,0.018354261329456244,1.0074519635043004,0.1876071445903175
1732312885.75267,2.7576804388513,12.914734406835535,-0.49468031923192235,0.006394331433877088,0.02901082840191628,0.9557028499034291,0.20744559011989322
1732312885.85309,2.668071855121606,12.97701723791084,-0.47365072092897936,-0.0009411937712624774,-0.018359935102983182,1.0104337260254577,0.17134986004888125
1732312885.94939,2.5601190155002236,13.003381038164168,-0.46959254183198434,0.05720837564596214,-0.04180001559849519,1.0073842782704365,0.230027278113971
1732312886.04927,2.478183730857038,13.021247703794758,-0.4671711367826672,0.030762312482809667,-0.013144679907717286,0.9654835973312368,0.19223594850683023
1732312886.15348,2.363733948491032,13.024594108069772,-0.46905791079422104,0.018981363859575863,-0.028543632788481915,0.9802527282001677,0.23061031420617326
1732312886.24712,2.3153049711196165,13.055887168936147,-0.4208063136854233,-0.01013242816001847,0.029376010141936526,0.9466140983411576,0.15578505273371593
1732312886.34702,2.12822897343013,13.060554799827447,-0.5053628341973394,-0.02510278783341303,-0.002722574271255024,1.0162050366013986,0.20235791792456195
1732312886.45298,2.1176441266550348,13.10554009965623,-0.518782532841941,-0.035659011081795214,-0.035136158719934,0.9874011006784129,0.20665000825919755
1732312886.55833,1.9275648653016653,13.094036195299772,-0.4344814358884214,-0.0037622829446620105,0.007039148252988934,0.9950012579723161,0.15602975545590733
1732312886.66316,1.8854188538774743,13.191251995197405,-0.3855290272369776,0.057784564292978596,0.06003416320578716,0.9243468768405315,0.19464029052264903
1732312886.7533,1.75438563561989,13.240226398151146,-0.3836710217269673,0.037402060537791645,0.018845274642042022,1.0056626514849039,0.1509420545196387
1732312886.8568,1.714906521679674,13.247851635437597,-0.4037084308914804,0.063298419261759,0.017949137556400704,1.0018076686669073,0.12355222953676726
1732312886.96187,1.5958996136429486,13.319027758090467,-0.377226359838536,-0.00691064751746508,-0.010517581935446543,0.9647206317044696,0.14932674251641687
1732312887.0669,1.4712181377498712,13.239553609967661,-0.351086140152584,-0.01338338726506295,-0.03819285820363424,0.9533969026920911,0.19357887292288178
1732312887.17105,1.4147251844569901,13.30723253441924,-0.3833446298179195,0.07134797702249847,-0.028306139778681703,0.9425721815316133,0.17424284760903846
1732312887.26683,1.3609550476130978,13.29751467868381,-0.2792460480218378,0.041704084192306104,0.033850995783365916,0.9677642661286114,0.19162298697612629
1732312887.36612,1.2319259623038432,13.409394767335211,-0.31134051643041827,-0.002586597208349757,-0.017261447726420076,0.9633529769574021,0.16633002316916573
1732312887.47086,1.1409731065201387,13.385912133867095,-0.36378424112326835,0.009258880521593366,0.03967120494259958,0.9652149455360934,0.18410214915803835
1732312887.57613,1.0133446923571179,13.456552233308189,-0.3442305315618827,0.030428273340542353,0.027799741387752003,0.9750839766424422,0.1417183594949301
1732312887.68122,0.9621814947374411,13.428889394233659,-0.3103440444653274,-0.022378365049540147,0.00893396197320891,0.9664165856831843,0.12232239907454942
1732312887.77161,0.8596528955468818,13.531008767627869,-0.31873988661021657,0.06869859955267678,0.06299838846709258,0.9690817254378384,0.15515496806603737
1732312887.87632,0.814972912780657,13.596067120002301,-0.3025607605031666,0.0052508453253172355,0.06818021286953954,1.042910111805552,0.19311281332988425
1732312887.98157,0.7566720129352459,13.63935885288971,-0.24750546698681472,-0.008082923552358793,0.04188510455629485,0.9968160735371051,0.19339040635286264
1732312888.07527,0.6341130280485661,13.643311817888511,-0.3324533088014379,0.01788287852994072,0.09595565708224561,1.0506013206064215,0.1179284555281069
1732312888.16661,0.4957583125625307,13.70108615358506,-0.23625286689710978,0.09384814921928994,-0.002482386928093404,0.9380056588426736,0.22001020176037756
1732312888.26584,0.3535896833308236,13.750091591857228,-0.2352671788930983,0.01068341372757491,0.0200376434327258,0.9795691754047725,0.14239256517775925
1732312888.37157,0.31813648664462035,13.758059139004288,-0.23101940226834025,-0.041985216125028535,0.010524849600782631,1.0191987231695931,0.16514545947000384
1732312888.46661,0.20127286564604333,13.814718632537037,-0.18462159996876154,0.014702965985834322,-0.014976926280508531,0.9580634000818731,0.2112589551315108
1732312888.58181,0.08992391047685472,13.859831209215645,-0.20435655014919504,-0.025872130330901837,-0.030857722715723547,0.9397257209373767,0.1175875483110285
1732312888.67232,-0.07358318838020994,13.923209607490431,-0.20420081860586112,-0.025440428723122625,0.018879455213291887,1.0039909247844754,0.2287723349296848
1732312888.7782,-0.1713574932024609,13.89213811261731,-0.19799021269317063,-0.0057832981773993574,0.004406658156189333,1.0295486076826923,0.17050517786020797
1732312888.88133,-0.28684694376411934,13.884902843588813,-0.2568684761385148,0.005135005905266113,0.014145496091440692,0.924764753950001,0.1399221259518314
1732312888.97605,-0.4314296219226877,13.953217585138724,-0.20655837469639793,-0.0017124028745376407,-0.0006960675812820157,0.9914087369916634,0.17044830742870992
1732312889.07619,-0.5043709229270844,14.030081749532123,-0.18262262561155754,0.013429039014965023,-0.02279969887983716,0.9839833610480114,0.2132594451817012
1732312889.18789,-0.5962526849302711,14.084618261747428,-0.15732156941904718,0.047893264128173726,-0.009066014512683306,0.9821574391841298,0.11627616331476978
1732312889.28091,-0.7446142709884987,14.064652695716221,-0.19568179147359474,-0.010219943515674883,-0.08497154449526119,0.9192199660279007,0.18802896144804349
1732312889.38161,-0.8529159548242855,14.136475647573432,-0.2102344953835158,0.010491782557711028,0.027757837406661056,0.9460394284660811,0.15423334265739422
1732312889.48079,-0.9767414200586465,14.13934593011986,-0.153622660895626,-0.02866522857911493,0.01886878354764212,0.9964307134574419,0.18455758780500123
1732312889.57661,-1.043179641753309,14.194138461930098,-0.25365141186146,0.005423307578307378,-0.00739336123830515,0.9764117385637303,0.20261739220382124
1732312889.67602,-1.1870763075618447,14.1948185935588,-0.20964197035510593,-0.02356996184771482,0.04526828591469423,1.0107550249199517,0.1932721664997056
1732312889.78134,-1.303209629932286,14.236038991392602,-0.2515864228262865,-0.03225133978478578,0.04331622552482957,1.0116394912039928,0.16384677236411713
1732312889.88638,-1.3770949915487973,14.351758420212517,-0.16041214639360354,-0.005312633931194011,0.023937857722724283,0.9922325251147346,0.15292841912938387
1732312889.99153,-1.5364039772359601,14.382043765151128,-0.1109860229531589,0.050229176654598515,-0.009009935731361489,0.9793104471344602,0.16734285656126807
1732312890.08169,-1.6005758495589149,14.406336558329667,-0.17794817795916895,0.050054081673583994,0.02891566257992033,0.9826757003919169,0.21959777479453443
1732312890.18723,-1.6655976870439384,14.4399454887636,-0.15363074375809227,0.02900270592585829,0.015222615476211935,1.021344712031565,0.20836490526982693
1732312890.28645,-1.768081221299315,14.474810331482669,-0.11561362339393834,0.014463681027883576,-0.015460823809826666,0.9686182854174463,0.11308152759228925
1732312890.38698,-1.8916599863948798,14.436567418471506,-0.023573190558475052,-0.017032512754026317,-0.026428079795106918,1.0091076869924183,0.1968460533568592
1732312890.48647,-1.961480580424197,14.421447768969562,-0.016484834236652438,0.0002055182229251419,-0.013833071033511458,1.011386340209745,0.19591886186432744
1732312890.59372,-2.074279363084064,14.544660594870818,-0.1586372698113097,0.037885596103805055,-0.024259652440509386,0.9948388061356044,0.20483491756169958
1732312890.68706,-2.203468320787934,14.591448473401545,-0.18354646943967232,0.046966335939078105,-0.027853764657311406,0.9442276170749022,0.18946351072439163
1732312890.78828,-2.3036047885200888,14.617865041320353,-0.17890903534195934,0.006766083044325782,-0.00865561956234881,1.0074452185148008,0.1704196336920455
1732312890.89362,-2.4078480906932005,14.709581339808384,-0.19613339483165,0.05642859266492989,0.00374571659095081,0.9392703498977667,0.1359175208046828
1732312890.99997,-2.5633074771293685,14.680479451023782,-0.2447871242778031,0.06044474365530715,-0.05834502304040664,1.0288782113641026,0.11899069974373146
1732312891.10454,-2.657737111432159,14.7170026254686,-0.2702271220173253,0.00329650184794706,-0.005105755603565258,1.0342082832462187,0.09503677238533742
1732312891.19405,-2.6904613264986192,14.78403777977722,-0.27453681599430374,0.12220532303383982,-0.01900527000052108,0.9938072053935963,0.14545262517708962
1732312891.3009,-2.8354834257722796,14.769892382012046,-0.26855550408956236,0.06073680087802475,0.003784169353874552,1.0066184470802413,0.1125098546626354
1732312891.41081,-2.9307750012970746,14.699556287523402,-0.15809817109497848,0.03154110268643606,0.0026080128954099804,0.9618597776184995,0.1388456417683272
1732312891.50448,-2.9491831270084496,14.798662885352318,-0.20867535964137565,0.03172781073231547,-0.06177296428297366,1.0204309850910118,0.13595319537992492
1732312891.59916,-3.1050761909489277,14.745723557285178,-0.10771769309271069,0.10637260799856546,0.004193804755309447,0.983620624896125,0.09291406321294524
1732312891.70984,-3.1622761517800546,14.72676153340748,-0.11771221173661277,0.024086165598818543,0.038882379724308,0.9802084834607778,0.09438655157245207
1732312891.7981,-3.2248715563640586,14.782091844746317,-0.19839991820201258,0.06874015061292932,-0.01686739676504558,1.0435965207694657,0.022713378187528357
1732312891.90003,-3.2114279983094516,14.77156658293078,-0.16438308892312228,0.0859388544355869,-0.004790863426082606,0.9477692735506467,-0.0054411895713706755
1732312892.00484,-3.335478328959568,14.795251637890797,-0.13244530629342116,0.03283395840516966,-0.048192480928525294,0.9644414583752504,-0.05220664092042608
1732312892.11019,-3.3688379840792773,14.723562240760014,-0.14879968717895242,0.023235767184339066,-0.08991746143014073,0.9592849234856744,-0.0507389300709836
1732312892.21858,-3.4145141356696884,14.71415376623933,-0.15243592640492268,0.027593695476763287,-0.0957846993028543,0.97434527251634,-0.13014000631557734
1732312892.30362,-3.5052016371522785,14.673450781628786,-0.14393979460278952,0.03600323689368889,-0.06634152272652653,0.9759352515063401,-0.14667546601263823
1732312892.40898,-3.5231989532498424,14.628848443934977,-0.13717690085033069,0.06816526033372926,-0.10584949206146568,0.931020141716487,-0.20401385982293252
1732312892.52014,-3.5906317502360285,14.462804519440324,-0.12132584040084243,0.027543480927883487,-0.05080154852234177,0.9980967697432396,-0.26066877793863164
1732312892.60422,-3.5227002376207803,14.414568743837787,-0.1250084914966266,0.026300553478540583,0.02399667868648868,0.9356120170606184,-0.2778714336236758
1732312892.70919,-3.5205044930162352,14.393700000574198,-0.11521236897028243,0.0196593904435473,-0.04706142235549356,0.9866132288554619,-0.30238500223168713
1732312892.81769,-3.5607760373714816,14.291166449476222,-0.1405389598206097,0.02414588973501727,-0.02789843995819237,0.9065747593599388,-0.37382863823929596
1732312892.90957,-3.563120282836932,14.236703484979696,-0.10696875893799782,0.0022898311584157328,-0.04270430464511623,0.9149305623553929,-0.3748310954804114
1732312893.00789,-3.6315719858756466,14.139371518647208,-0.07146572415435717,0.03362885143861223,0.018098572403482283,0.8771907214933822,-0.45687337086366747
1732312893.11392,-3.5767229879215403,14.028509017335878,-0.08477674156719954,0.020153213815991083,-0.022687140505530768,0.9002665260278585,-0.4264442165572924
1732312893.20732,-3.6198933535480196,13.96421862206439,-0.06293155042491225,0.03022906287102521,-0.03641028289631453,0.8925370164245223,-0.5102882339175242
1732312893.32416,-3.6771516219944433,13.94140216761749,-0.13064344344935253,0.006696115121643788,-0.048207499467816765,0.8691350166029617,-0.5336918849750889
1732312893.4122,-3.712133321094622,13.90471020887969,-0.02814526517479611,0.024127559889714604,0.006598022298064714,0.7791743110199786,-0.5307592927691963
1732312893.51802,-3.7460381001146277,13.77749379641795,-0.08424019460835895,0.07906802279076823,-0.03006360838077457,0.8283747218343115,-0.5646666235244507
1732312893.62327,-3.7274462028463717,13.643363835004324,-0.04895528188812296,0.024701992868759806,-0.041662507311003565,0.7994223685342972,-0.5997297921990818
1732312893.71209,-3.8258575331344096,13.497009969760786,-0.0660032123970914,-0.021978602516356367,-0.06585654346951744,0.820929485554899,-0.5475713524022042
1732312893.82714,-3.83239864290175,13.394428790565966,-0.06372507770446365,0.04522248563361723,-0.05824761805683528,0.8555216788186624,-0.5829368162509029
1732312893.9224,-3.8514819778762273,13.31853335873188,-0.011531563011081363,0.0025808774989517554,-0.0019267652696219884,0.8610198033236529,-0.5920999307765048
1732312894.02184,-3.8983036325320066,13.195474461296206,0.0016582693662477443,-0.003322514466265405,-0.01475908995496698,0.8587571856999474,-0.5627546771973346
1732312894.11728,-3.8068202090164296,13.057852525624535,0.023478344326015057,-0.033468632083827686,-0.02614136304289056,0.8088999132276292,-0.5654637307459786
1732312894.22193,-3.9108711762567614,12.950955848773281,0.05737704210471069,-0.04655548829558748,-0.00838884933706292,0.7740341292044242,-0.5813806194599309
1732312894.31891,-3.9203424344165865,12.850287011476704,0.068768935093753,0.014352720764113636,-0.06892014991485135,0.8388827243690711,-0.5396762607991413
1732312894.41731,-3.940836043139728,12.780641791553414,-0.0126132155585277,0.02565115155098295,0.006051446044217507,0.8106941641662248,-0.5773772397958338
1732312894.52417,-4.01448421975934,12.545840378893724,0.10199999656531161,0.08893889663944432,0.008219066061721889,0.8061614314355509,-0.5343923252670972
1732312894.62709,-4.054753247729682,12.454190607377265,0.03310886697422019,0.007000681745208837,-0.0505816501873521,0.8004688140521664,-0.6084674537706174
1732312894.73344,-4.0304685402027065,12.29867453645192,0.05456593829173121,0.02240337189799866,-0.044102732773268656,0.8194913726668237,-0.5920548145042785
1732312894.82186,-4.064705536020733,12.269935701798547,0.04627280620751173,-0.01156439718550109,-0.09366567910222104,0.8001683858205703,-0.5628827543129068
1732312894.92247,-4.049022576405049,12.216808423902584,0.033676809899087674,-0.003210662468172046,0.04074306084736152,0.770599767670594,-0.579998077377265
1732312895.0341,-4.148647259135954,12.074039746045703,0.12330765278098027,-0.005524317877651662,-0.0016045714422423564,0.8267591583761487,-0.5629931260795339
1732312895.12771,-4.165308199643055,11.986163872120892,0.004602934005605415,0.02766556459241868,0.011329973582950278,0.7931381017840474,-0.5776517274681937
1732312895.228,-4.202397391032421,11.831675227861183,0.06400653852328389,0.04283016130031991,-0.02505550078745689,0.7578200038672401,-0.5687592631615236
1732312895.33448,-4.291134707710595,11.676217627558213,0.04738458448676516,0.007047152618206756,-0.05962068382100782,0.7993215969785457,-0.5616763438984916
1732312895.42699,-4.298404389244875,11.679145386285278,0.04798413138972107,0.042758372964802574,-0.05847119201039192,0.8606042798257951,-0.5263728814384524
1732312895.52929,-4.3659028092752346,11.55825405660927,-0.020483658634761093,0.08003677077638058,-0.044580105516623496,0.8401725369410767,-0.5336122666077823
1732312895.64144,-4.3607141990830955,11.474130685537068,0.007340190548644956,0.018575368229465324,0.015270974709368175,0.7868399296469095,-0.5111849711844713
1732312895.73809,-4.415130044107122,11.380361299342704,0.036505857220311515,0.014674126859948346,-0.05917673873584815,0.8103601153814803,-0.5463802416476484
1732312895.84339,-4.4011375203634895,11.20621404986189,-0.03675883806876868,-0.027730732118504933,-0.034370152848043685,0.8165510951125495,-0.5328346724436989
1732312895.93312,-4.409333119845122,11.143757929939548,-0.10354064623919373,0.008956739473271795,-0.06251964797701805,0.8476933689315846,-0.5153094013503715
1732312896.03769,-4.426353038659005,10.975304031271905,-0.03445237438285103,0.10391480842533513,0.01934483022623191,0.8612635944905416,-0.5581508317057481
1732312896.14342,-4.463486906762704,10.911412242838653,-0.008160412624805503,-0.005232007667970164,0.022002919883282936,0.8023991063162085,-0.5747589607927346
1732312896.23784,-4.600761814404776,10.798352584441773,-0.03434727240555747,0.008701195889258972,-0.04683704309183078,0.8182396635048528,-0.5722312874130676
1732312896.34413,-4.61873367600162,10.711403845177765,0.03131909824403955,0.013157193743947325,-0.029310153806094967,0.8256856097548926,-0.5541726335610037
1732312896.44425,-4.655760020597241,10.597332609133135,0.000903483477403412,0.012233478497114737,-0.026219648382041626,0.8285626441999335,-0.5753327383845689
1732312896.53734,-4.643615816380317,10.505950150780551,-0.01707796971681653,0.038978140770820284,-0.034181103529447546,0.8272971780977451,-0.5420482791792878
1732312896.63773,-4.709198941263872,10.473139207742237,-0.06050775055828345,0.03466584414633791,-0.034289694285046725,0.8610071912137309,-0.5482351398799035
1732312896.74452,-4.743827596151789,10.305231494800475,-0.02089769474302082,0.011326218542105807,-0.03576009822751154,0.7928974028864856,-0.5514808135606836
1732312896.84894,-4.794130531500905,10.216095732937244,-0.04790467070586594,0.004857907073540902,-0.034557843527001766,0.7999358973959061,-0.5304516682364394
1732312896.95453,-4.792513169482837,10.114045632663471,-0.013894698334117255,0.03023338623819776,-0.018992665629805595,0.8638490791144688,-0.5639354397716848
1732312897.04372,-4.762239978442146,10.015796626692023,-0.010149425485540535,0.03521370122199678,0.013714702527169411,0.8244374395968883,-0.5482104734855201
1732312897.1498,-4.844571414699611,9.915911935822583,0.005988930617249581,0.0662499281947167,0.015851542885855135,0.8494198210900882,-0.549132723199291
1732312897.26482,-4.883698946255372,9.840031008712046,-0.0675274721887434,-0.015489367067167362,0.008812138002978424,0.795611719229544,-0.5912427844851464
1732312897.34377,-4.90723283165018,9.695490704889743,-0.06714668982607093,0.036934122735421404,0.0007712072236746815,0.7994278417640501,-0.586489278630417
1732312897.44957,-4.971296035522105,9.628072268858451,0.007176626123801592,-0.002690249188285629,-0.07299800866535419,0.8487953668519703,-0.6138177249627303
1732312897.56215,-4.978617169078207,9.563241399351403,-0.014922198317545309,0.004966398466523971,0.0022490970883629544,0.8596977554131795,-0.5517270885570087
1732312897.64908,-4.996234818245457,9.431832883127251,-0.0591348840436185,-0.003097595926623075,0.0016129931084120086,0.8182257536236075,-0.5335300723796449
1732312897.74892,-4.9953962200688125,9.36153458560433,-0.0731183784969034,-0.016341833303363713,-0.010180736760606296,0.8354281845296154,-0.5370704280903494
1732312897.85591,-5.015986852403766,9.241173414419793,0.01861068769268183,-0.033886430976391185,-0.08291356698854112,0.8913293186788546,-0.5459824760567609
1732312897.94877,-5.133407924508203,9.13371724708916,0.05503395146320399,0.038473559432875365,-0.02689168675506233,0.8295814039170891,-0.4760475987638739
1732312898.06381,-5.071819891036496,9.078962855534256,0.04794367597585353,0.029014830381524293,-0.0034779544357941145,0.8853601601741703,-0.554232786291388
1732312898.15363,-5.137008002788603,8.92792465559,0.09782061969734387,0.04316167237748044,-0.064573897931864,0.8262532199657541,-0.5027005011149618
1732312898.25824,-5.197844571000232,8.822344459627534,0.13798395006504105,0.04629902182278961,0.01132164231648471,0.8343478732934866,-0.5884032963570176
1732312898.36388,-5.204446926529802,8.666128390297395,0.12072750745026327,0.045127891967840436,-0.0433772867950099,0.8060686888281199,-0.5573369778427052
1732312898.45389,-5.306979924356271,8.599422867571366,0.15129619316593937,-0.006619511006010631,0.0010202108644118968,0.8309451608715167,-0.5637997211472381
1732312898.55903,-5.335946722582367,8.536515555908649,0.1813234836598444,-0.02014079421832632,-0.03289204118082721,0.842184404559578,-0.5629194634463076
1732312898.67151,-5.283403026684786,8.506694966883266,0.1716618210597447,0.02266656514946014,-0.04818292793037378,0.860061702140566,-0.594648831086571
1732312898.75906,-5.337737613593064,8.444794802937905,0.2202560779984225,0.000841679370604833,-0.007316770780914526,0.834524653534371,-0.5423270080935118
1732312898.87459,-5.358698719973935,8.396006984821797,0.24367886926430016,0.004464290220367404,-0.06499614120466468,0.8003773439180124,-0.5247212673877204
1732312898.96964,-5.399971565149928,8.271913566491051,0.2047016299764035,-0.030673954656008962,0.0019218635084705185,0.8746783671318176,-0.5567613996462454
1732312899.07329,-5.375490802251358,8.19915643107432,0.15336964384108995,0.024660903086762526,-0.024472142510765224,0.7994161639508967,-0.5584361354256424
1732312899.17293,-5.4411592715318005,8.164254045933227,0.18332649674287183,-0.012140470883742824,-0.028688936359976915,0.8682921424953811,-0.5155719737933053
1732312899.27862,-5.4821441785760445,8.042731983502351,0.20405078774491675,0.04109013589649027,-0.03353923666151544,0.8258784435110335,-0.5298718334328154
1732312899.38335,-5.498868552721895,8.049098057834245,0.14016301673230375,0.005638475047477675,-0.03609066696397044,0.8431754489860227,-0.5737924628217584
1732312899.47333,-5.585930152532282,7.8594528729289905,0.1954238292409798,0.04787906697273621,-0.04890865235652045,0.8162483936344088,-0.5264376849873069
1732312899.57992,-5.640217230493673,7.803343315435284,0.12551781379664367,0.01863409100762249,-0.06556539344190386,0.8182859772453954,-0.5194258104550091
1732312899.68268,-5.6185113573523875,7.6962780521039935,0.17743303368955016,-0.011570680337495217,-0.05538524041385885,0.8308752852725737,-0.5711338326921378
1732312899.7747,-5.639007098704345,7.659135582402406,0.11358161209882424,0.06977370603662132,-0.06846627533596983,0.7867841213862653,-0.5254417613245089
1732312899.86827,-5.698361508530789,7.5763199722293795,0.10045227002344315,0.0329006781959617,-0.02616009621738285,0.8428533344266221,-0.55832965662491
1732312899.96861,-5.750373205675367,7.432628136611663,0.17452059892158955,0.05785077248340269,-0.03337620886606798,0.8356934596364902,-0.6067666376075823
1732312900.07658,-5.704752284425791,7.303300457520207,0.16962553772207783,0.029731211517505567,-0.08367075427084593,0.7684762299700856,-0.5548829410569606
1732312900.18142,-5.811002690215857,7.204664581675756,0.1700325355567115,0.02678893104056782,-0.004566976268016637,0.8207104646641551,-0.5273960024970795
1732312900.28729,-5.834423444816521,7.090329899939818,0.17491753553048536,0.05052394211781212,-0.032780450040723316,0.8338497665526388,-0.6235900102915982
1732312900.3739,-5.860356435406754,7.022515246131767,0.13147984437722768,0.014828716897954133,-0.07003546772770611,0.8279173475202946,-0.5829555361021503
1732312900.47811,-5.872916177328685,6.920083169253455,0.15955713575774452,0.029497293420089384,-0.023409999763436367,0.811880806937815,-0.5343176430646632
1732312900.58824,-5.978312170678462,6.830422378204506,0.13032728552694042,0.05718350673408806,-0.03542203449000755,0.8170116337585875,-0.49588919725956504
1732312900.67881,-5.8897519045966975,6.737096646744099,0.14046821460020145,0.06609100648421959,-0.024486289886811317,0.8402437036588353,-0.5328432462651721
1732312900.78035,-6.0021607105941674,6.6481782216713095,0.1150234678428548,0.02780570015527308,0.02957386244557414,0.825140523642993,-0.5614032766565995
1732312900.8875,-6.0534248243234385,6.570638199442272,0.17875679277819892,0.05346594527922803,-0.03675743915121519,0.779514771276147,-0.6087313377846096
1732312900.98013,-6.130353849839382,6.436747593580632,0.10172068774608976,0.05508601380411142,-0.014284708406310593,0.8141438901991456,-0.5796894933733991
1732312901.08406,-6.18119702437991,6.38304204116589,0.1003804197370431,0.004605579396016371,0.04352627657253007,0.7874265245518889,-0.5988176687783978
1732312901.18653,-6.159699978835656,6.3138040846688845,0.11897877110486685,0.012147219806624802,0.027016551775896062,0.9056865245806389,-0.5690729659407409
1732312901.28325,-6.234152902776552,6.157236640519287,0.1207901306748181,-0.027633922694068586,-0.06715533063549067,0.8781633135248789,-0.5264366026880509
1732312901.39776,-6.259931537778095,6.117939399852313,0.09800177964411724,-0.0316720499093192,-0.032391443100242966,0.8530008502357854,-0.5926393209927395
1732312901.48371,-6.343891244505152,5.9847786127684754,0.10183340881876814,0.011468725117805063,-0.029130632094453098,0.8228096594874404,-0.562123428527753
1732312901.58979,-6.431942241636164,5.863814017246471,0.1430849835082382,-0.00932368202568453,-0.043199759249466625,0.8394571618287201,-0.6176747646417464
1732312901.69656,-6.380422105536321,5.790132576439456,0.16936039407722694,0.07651644738727796,-0.018837565110766178,0.7716181185035391,-0.6028500173734276
1732312901.78573,-6.497621626085361,5.68690018503425,0.15776445180981863,0.010353411253662716,-0.04175367962498653,0.7869272723865313,-0.5660115466784628
1732312901.89071,-6.512316245617202,5.648663531700687,0.09644630850956451,-0.035937450893358466,-0.04975268070572592,0.7913161035419686,-0.6464640863907251
1732312901.99749,-6.519182589047683,5.450178145303756,0.10211745303117538,0.037846229423873584,-0.02942654312524809,0.8333867860310539,-0.636970022087344
1732312902.09145,-6.580375584856295,5.4059447306448165,0.11835341206741148,0.055079853110223405,-0.058569406367242303,0.7064741874090391,-0.6148225421515362
1732312902.19248,-6.578374785662451,5.271950676239449,0.16763344672464892,0.02608521196166925,-0.0431644152134552,0.7444242478117317,-0.6106373702268751
1732312902.30549,-6.638748108520205,5.180350472639177,0.1607598532407766,0.08671058102555954,-0.09013341941372283,0.7536748187821262,-0.6430477495288934
1732312902.39272,-6.596022919850403,5.085475335980127,0.17367692738427076,0.06575981386816959,-0.10933860267272906,0.73927418180639,-0.6727961081588244
1732312902.50936,-6.6778362287363615,4.895584222774139,0.16300571698522975,0.0013881707129368218,-0.0976810004063874,0.6836254110421598,-0.6671665817354959
1732312902.5983,-6.694168226767638,4.792896930909477,0.20924309475098235,-0.004634605550785133,-0.04264148031745047,0.6849968693494645,-0.6455405384598467
1732312902.70409,-6.650105039724801,4.713331942537457,0.2130390912214591,0.03226738611968252,-0.02763412968929555,0.6464484970028808,-0.7113655050933917
1732312902.81453,-6.60943706027329,4.611871335780135,0.2107726393374977,0.01613817975612244,-0.06358369744026073,0.6569463862331678,-0.6994863441312402
1732312902.90307,-6.558882383576977,4.513559544503686,0.2531682520911695,0.024853354857366755,-0.05852308613745594,0.634611827774659,-0.7857168256035564
1732312903.00483,-6.542158981771698,4.475194525836375,0.25879309465630773,0.026306432447494327,-0.06802185482792733,0.6015647155703181,-0.7905481877516938
1732312903.1091,-6.551396095131709,4.437768770185529,0.2759959228841669,0.037123758953047974,-0.04328371460837717,0.5574654550303308,-0.7621843991195465
1732312903.20501,-6.507546960563377,4.375354138792384,0.19998061125395963,-0.018011637493026512,-0.01478658952254585,0.5630493003130915,-0.7795790360561556
1732312903.30937,-6.362199383395326,4.270645780787577,0.2062923560391104,0.07279566791882533,-0.010372457761546536,0.5555856458480024,-0.8242964074774145
1732312903.41848,-6.4441101344696525,4.1960729439062305,0.24701837640943103,0.07779474017683286,-0.06518837193431243,0.5266963406097053,-0.777305085316147
1732312903.50868,-6.430970735280375,4.117962560049657,0.23500549108667199,0.05409752667072007,-0.041127550549879904,0.5148332096099518,-0.8376035127196063
1732312903.60967,-6.3551584229686755,4.050804562785245,0.1845166454277917,0.04173420470732392,-0.09368805430292851,0.49672050571147375,-0.8911215065004395
1732312903.70839,-6.3097259876639695,3.958961664662175,0.13373186843235033,0.03261080008183813,-0.045446232168411746,0.47194375608184586,-0.8985989967291483
1732312903.82014,-6.347406020033209,3.8448887888328214,0.17890519786722484,-0.010838578031208933,-0.05363564847250102,0.435334989029122,-0.9318450509804208
1732312903.92784,-6.285748381652091,3.798136754028494,0.17878965736075794,0.021541040664325103,-0.02490692083898169,0.419137683009334,-0.899301622068049
1732312904.00987,-6.182639822300411,3.730597138585842,0.18206509948758426,0.03380699027311236,-0.032440071972992,0.32106020497007304,-0.9768924364191023
1732312904.1183,-6.1300405604287524,3.717445502174447,0.1998501921008869,0.03094473051271549,-0.041028723018438185,0.38694602424856267,-0.9223637731736553
1732312904.22986,-5.981525608142064,3.6415846210723335,0.12270182540523039,0.1012824554392261,-0.06338061534063526,0.33674658407660507,-0.9025072561225544
1732312904.3192,-5.93027033240234,3.6173169606179174,0.19237744025144063,0.005715509725682896,-0.06990270816194168,0.37106061053530925,-0.9094662533992078
1732312904.42663,-5.783562750641071,3.5255613424313847,0.1442392271529711,-0.01770733584098401,-0.08977815948670843,0.3465495489081592,-0.9020773001234618
1732312904.51951,-5.784751654176111,3.493986501785969,0.09478451142102037,0.001975276800986833,-0.044603640847633186,0.3647551339911087,-0.9229957938603791
1732312904.61885,-5.725106064818483,3.431122436997466,0.12895411638082013,-0.011212674789239563,-0.05506107566289537,0.3265637464311277,-0.9442673571692782
1732312904.71893,-5.6077846825933175,3.3408034897547014,0.10836178926544907,0.019902782848873604,-0.03088052135123773,0.4060387626649511,-0.9474529887508165
1732312904.82082,-5.552444714307553,3.2282753182708195,0.14831029458340017,-0.04039210392083099,-0.08439859516570299,0.28046217532903034,-0.9415559405381958
1732312904.92404,-5.485630217090533,3.201357219781336,0.1099056212850764,-0.04117590839886316,-0.005117266892466998,0.3391241254065689,-0.9282999751082377
1732312905.03108,-5.330132074199002,3.1237457898567498,0.15640481543172938,0.012641675163125277,-0.02165814053684502,0.30668793497729985,-0.9520953346271763
1732312905.12106,-5.314832434485773,3.041861238757822,0.049658344658909274,-0.0022770471823943955,-0.04356320177649316,0.32672255206074635,-0.9520731960597114
1732312905.23,-5.261592475255625,2.9735521944115426,0.10368562197707361,0.016523525115331814,-0.002853030540290978,0.3276448473353645,-0.9881174075050927
1732312905.33133,-5.148261534291661,2.8912403435401797,0.09815359317615228,0.015758420559809798,-0.04415433501253418,0.2714000902302217,-0.951994585471952
1732312905.42752,-5.100393376238354,2.907900616300658,0.13374489085644922,-0.007644113465788936,-0.047168685130686505,0.3465654931157133,-0.9559578381678483
1732312905.52362,-4.975381253763717,2.8638446518445013,0.07883814480772688,0.008433167275095549,-0.0315380995651859,0.3662812881267737,-0.9565684004224293
1732312905.63019,-4.872614102017385,2.710615006220707,0.05199933680252253,0.024335288465982076,-0.0781813589985311,0.33608388086865226,-0.9214537934364044
1732312905.7291,-4.738665188154975,2.7200767959489047,0.06548437811218435,-0.015082167097493333,-0.0856034165505491,0.2973057406336181,-0.9736319754654522
1732312905.82314,-4.701759309645307,2.6702590663695944,0.04024275546723234,0.06543655017575181,-0.04055218380551898,0.32091616243994986,-0.9705033361527672
1732312905.93279,-4.600725061634112,2.596787887637728,0.07375158428425704,0.024109982695606928,-0.05231886178236474,0.3007002957048775,-0.9530845745772037
1732312906.03732,-4.497997166364823,2.4634951958702413,0.010412158850199492,-0.009757444531033499,-0.0536276964434428,0.23737652313190474,-1.0391707989824919
1732312906.1417,-4.415006306526131,2.387358138854993,0.032344866312954086,0.08942633415262212,0.010856030844511436,0.3160506805149901,-0.9194235605519504
1732312906.23123,-4.285302470231902,2.295425752782016,0.021313623913479997,0.027878588635499447,-0.08694611602079236,0.2772946643825088,-0.9754501496680308
1732312906.3371,-4.222797251523592,2.223279829581218,0.02642692534881,9.052885810763647e-05,-0.008951872556011025,0.31898387741776396,-1.0228070474772246
1732312906.44559,-4.187251798911551,2.2630241146258463,0.0010441488391648227,-0.046387535488964404,-0.06199775193016197,0.33344658343061523,-1.009242336336745
1732312906.53185,-3.98494147618292,2.1926288991549385,0.011497056418651227,-0.005852065307519266,-0.08444863868237476,0.34800193715874284,-0.9486419690229007
1732312906.63313,-3.911941872768362,2.2409614644941556,0.03754486684332187,0.013385810811151103,-0.09295307779011279,0.28858853554862074,-0.9525837945220343
1732312906.74073,-3.789024464402629,2.1419009411913903,0.046038177060323336,0.021389393753956105,-0.05054353838107885,0.26611465518076255,-0.9905080424759354
1732312906.83369,-3.729401151679613,2.1142956480322277,0.011162823720653883,-0.020036276804833206,-0.04390022542266377,0.28785107323157466,-0.9403435940951407
1732312906.942,-3.5657833516459694,1.9883636877575295,-0.02279924562772016,0.0689862640889354,-0.0461737326886612,0.303956700263391,-0.9107695084183535
1732312907.04259,-3.5388874136675694,1.93913853413703,-0.006009164011408144,0.048076643547312156,-0.033239324415962966,0.3480370501699634,-0.9517549263961028
1732312907.13342,-3.4310267457344614,1.8885657639978068,-0.03131962035320362,0.025609479508118312,-0.049446893255753466,0.28947208269551994,-0.9326170158860538
1732312907.25212,-3.3496396139387894,1.8353342140092124,-0.06011376135762338,0.019023983961327505,-0.06358665661333379,0.32282483755988767,-0.9805680255648295
1732312907.33936,-3.2798044684402248,1.7649416352863165,-0.03485559065979904,0.017010977703626057,-0.06274182275903184,0.3950654689785663,-0.967606378144583
1732312907.44685,-3.081814385626212,1.6989792749115393,-0.01862667557587913,-0.027410594962447396,0.0054905324762026565,0.3426569675686135,-0.9442809808943151
1732312907.55996,-3.074295014283046,1.6917251479241995,-0.11838916184357984,-0.018314194040694082,-0.020405624233940725,0.373100223833135,-0.9586201652231544
1732312907.64261,-2.955568728256972,1.589947229416697,-0.015300268204834773,0.05232217291483146,-0.007921479346195394,0.36151919831449264,-0.9752616640650063
1732312907.74635,-2.8541050657578526,1.583349827771171,-0.14200582220186808,-0.058973329200549054,0.004671434114518428,0.3591143308461971,-0.9334214210472497
1732312907.85958,-2.810908846784156,1.4746270656472915,-0.1311387380595833,0.022598905445022327,0.010011886858497417,0.31123170061328376,-0.9709156389233109
1732312907.94775,-2.7579285336065755,1.4506585664683633,-0.1296351885306113,0.03312151081898712,-0.028307932991725276,0.3018017715161793,-0.9612562089457158
1732312908.05213,-2.6019666269462554,1.4175587630638449,-0.1408424749976198,0.061979661630186714,-0.00023407422266038397,0.34595554855804006,-0.947358061886501
1732312908.15708,-2.5251491047827415,1.243816520031278,-0.13968042866487806,0.055289999718148165,-0.028060567374060538,0.32407148695053095,-0.9273370492836622
1732312908.24677,-2.437741364722648,1.2089673479650427,-0.1548494130814707,0.04972008597663967,-0.02818594114840575,0.3565611718154174,-0.9370795643240755
1732312908.3628,-2.3067095531954984,1.115734559536058,-0.14723518038685732,-0.0010437990062231103,-0.009890248340053517,0.28983031460285463,-0.9423696605316936
1732312908.45249,-2.2594272315424195,1.0471871330240474,-0.16225981169499315,0.056450632290610016,-0.07502894672891204,0.3162487846255251,-0.9495795275583753
1732312908.55699,-2.1585197102683917,0.9951376182259909,-0.1578425307258855,0.02880540761692648,-0.029244252390769263,0.3088408729705916,-0.904157400983222
1732312908.66218,-1.981025454397209,0.943093918327603,-0.12094788805076147,0.06855848981645131,-0.016355896676618936,0.35950193037768574,-0.9630657501728267
1732312908.75312,-1.9662908800546939,0.8962103143934569,-0.12085245341589135,0.0457432622357498,-0.06717660101355696,0.3099078119283265,-0.9382742346442944
1732312908.86236,-1.8835743212982425,0.8601288624078257,-0.14970916706916776,-0.019095253774135013,-0.0379240556246781,0.34134810179830005,-0.9389035336373958
1732312908.96704,-1.7454153966633854,0.7175345826565251,-0.15836898263676286,-0.03754503410155526,-0.045229622889930834,0.2558113759911604,-0.8886562603589381
1732312909.06329,-1.6976301467862775,0.7262355953061861,-0.13916005230078965,0.028627720713479066,-0.028492732164076513,0.2800115599084842,-0.9955985710358787
1732312909.15939,-1.5608269866212983,0.6030259945719283,-0.14212522643007333,0.03270472933729012,-0.006594254953901018,0.23753554938894741,-0.8827986087261922
1732312909.26948,-1.5198161154395207,0.5175980536120016,-0.24862391190600475,0.02645470449772381,-0.048611687376787394,0.27887253062956063,-0.9494274004644062
1732312909.35729,-1.3847224754730907,0.46816558464619096,-0.20507350532222765,0.061386865626244486,-0.03859748537771612,0.31405809589334327,-0.933620099327141
1732312909.45865,-1.299110643212618,0.42836473550242055,-0.17617341444694484,0.059824892605841326,-0.0024286606947084496,0.28015075742745654,-0.925876136317012
1732312909.56029,-1.3067336072006253,0.4472879653020283,-0.2115350338274606,0.0188664145912476,-0.029181484544817712,0.3058607720635313,-1.0213772994940427
1732312909.66583,-1.0803930176819079,0.2912427405764475,-0.19858718619554386,0.007726008615452282,-0.03126527802583049,0.29362940829121403,-0.912649753750781
1732312909.76117,-1.027168849217714,0.2995284549022697,-0.19216200086440896,0.060810620459219984,-0.017298481569531707,0.3249219849394317,-0.9737554492069145
1732312909.86137,-0.955522964736209,0.24778609671083593,-0.19859350487238644,0.0801561659777771,-0.02600297965060132,0.40826935433701506,-0.9727676286391138
1732312909.96816,-0.8842700849566384,0.16713885735394154,-0.19642242152819675,-0.029908455840085318,0.013721068078297344,0.33688664991020234,-0.9568009101348042
1732312910.07325,-0.8422748490131056,0.12209389832671988,-0.2451695212195046,-5.9438816587391655e-05,0.0003394247939744084,0.3032987750195253,-0.973572172886625
1732312910.17305,-0.7817797517144004,0.0006587754332257473,-0.242744291795105,0.00804320958552308,-0.03950605351689509,0.30564458493909863,-0.9819907072344352
1732312910.2639,-0.692453946304607,-0.06681353299092758,-0.1581421665773435,-0.0064127980832151855,-0.0038116768842936972,0.2920067906774288,-0.9659671727959672
1732312910.38194,-0.616350288168655,-0.08352001138607308,-0.1689390793394021,0.024789839022194997,0.006688828281648462,0.29588035431314264,-0.913446787417989
1732312910.46445,-0.53138102097479,-0.13360389685352564,-0.16674471860396956,0.02187344584456015,-0.023559912290315448,0.3253218775308702,-0.9534521384441715
1732312910.56594,-0.4946928343775536,-0.13600583474370337,-0.15853699005493507,0.06551274195443718,0.02157161695454861,0.2723934721067047,-0.9496416065255947
1732312910.6824,-0.49301939919052246,-0.10004816849283213,-0.1378647364906636,0.023160372667215004,-0.007964083884028412,0.29760181474727504,-0.9500779050637009
1732312910.79215,-0.4622095293711908,-0.11312287044344796,-0.08010488459283016,-0.007599341628115215,-0.067259800223392,0.2692900590931563,-0.953272358746371
1732312910.88437,-0.4156842403583426,-0.1400770323041217,-0.12854372208499226,0.023838673071089198,-0.0237085143620962,0.23772667282386503,-0.9700499509105682
1732312910.98604,-0.43758090159847746,-0.17481831881153492,-0.1608455901066217,-0.004469139757238857,0.0064042747195744015,0.18525470102055464,-0.953994895033927
1732312911.09574,-0.38222463470057655,-0.14600882687033945,-0.17320546822026317,0.05256324809821793,-0.0146732633790763,0.24874107038055876,-1.0040169012264333
1732312911.17837,-0.3938826964877186,-0.12354162997688975,-0.132419521075495,0.00400247692490709,-0.0009472324516268272,0.1788922902283411,-0.9416682839598959
1732312911.28542,-0.3184932118408634,-0.15657792416244315,-0.140745387334373,0.0683144406121958,-0.027171958984900112,0.22507042679680317,-1.0275806881571754
1732312911.38621,-0.3248930070405186,-0.16340119051951307,-0.14570641448182964,0.015063287645086772,0.00063743804436899,0.10523675453519227,-0.9624688429732794
1732312911.47727,-0.3245414781129369,-0.09081718520486343,-0.08251241897981643,0.04377380599557818,-0.041813910717603084,0.06806139350961629,-1.0002807356199337
1732312911.57682,-0.37106235177306585,0.008620379473691583,-0.11975197644355104,0.04724574198975791,0.026229421008856703,0.04619800113819862,-0.9420709409768852
1732312911.67157,-0.3387180504839148,0.005722450529176168,-0.07127238128766149,-0.01014002371780052,-0.007541491306532994,0.046020195117760614,-1.0260812911426764
1732312911.7785,-0.3563155347815509,0.05282057707344879,-0.05174392724085515,0.012793166110294796,0.008293017489527047,0.06836057253923931,-1.0524268522544262
1732312911.88268,-0.3182083136667304,0.06470173561420194,-0.11533747226261856,0.05057005408258697,0.03115180904910793,-0.01024443285719932,-1.0509967516621308
1732312911.98653,-0.2789869093976898,0.1016207154659302,-0.08118546828494613,-0.019037008062963566,0.02057106177758895,-0.003922752349597731,-0.9936884454986756
1732312912.08069,-0.2862449026005423,0.09755784428835804,-0.12290166082513976,0.003291920352725265,0.01104667005503832,-0.007131485910810622,-1.0219650226099155
1732312912.1822,-0.29334021109242386,0.12113699690390811,-0.08476479513849693,-0.042860485821380856,-0.06877527548221256,0.04600005609710859,-1.0394247368261107
1732312912.28626,-0.2988283148334451,0.08029612363682329,-0.05946883114271049,-0.049880499010093934,-0.05607857855978158,0.047181173307577776,-0.9684656871812956
1732312912.38185,-0.32960534731892777,0.041234319767971817,-0.07620377855341019,0.012580467314380556,-0.05617317058248993,0.06415578359156231,-0.9675028686668364
1732312912.48392,-0.3283375584436969,0.08884245901798322,-0.10059100873503392,0.026177543737603663,0.019561151361349643,-0.013677307053885902,-1.0029001737173915
1732312912.58788,-0.3412349690296911,0.07767309932758187,-0.12707682946903412,0.056000217518206774,-0.04045458488604853,0.006243141384264437,-0.9928887108081587
1732312912.68171,-0.29266741766489746,0.031204959448124188,-0.10545140653289636,0.02181363174348544,-0.09906791616055007,-0.002208654847439824,-1.0260920426125568
1732312912.7824,-0.25944558488005554,0.05504795029923874,-0.11077723477314719,0.004679510352499271,-0.07057606905394072,0.026851596486736445,-1.0376105087223269
1732312912.8882,-0.25820900747805586,0.08448219769661282,-0.16292735824850946,0.007311914597454432,-0.10901846399574996,-0.0003668904783844587,-1.0321291937033505
1732312912.99101,-0.2085670472175265,0.0687477202634805,-0.12091462366062948,0.019808679247834318,-0.0018147905775536266,-0.04010615766050355,-0.9974000786321858
1732312913.09824,-0.1968344043475961,0.05450146587860968,-0.0865881743569051,-0.02256461032266523,-0.03393129735969978,0.004905810396302531,-0.9690612246104724
1732312913.18582,-0.17393095816101029,0.12230231950626264,-0.18206236927232816,0.028053918186494893,-0.1216751850319552,-0.001336800125267287,-0.9253969640240262
1732312913.29005,-0.027991812640324278,0.07587791329603256,-0.17304480281139217,0.031216546432569145,-0.040922929106039355,0.02775210675265028,-1.0437260894255431
1732312913.39813,0.12414330303627272,0.08406688921678145,-0.1397266353288966,-0.0019058564508119408,-0.05488445234605057,0.03025221349109461,-0.9513853728831287
1732312913.49009,0.1514745272250766,0.016149030179546112,-0.1110301578242318,-0.024232109448021375,-0.007778844776702154,0.04858670323451306,-0.9954084658311754
1732312913.59341,0.31495921445951314,0.01447026603411876,-0.1518017133642528,0.004354314697519374,-0.05757119086726344,0.06550027081020755,-0.9662052199700252
1732312913.69069,0.3883829444359803,-0.04062942683329231,-0.10065990134089743,0.04779598319283955,-0.026663242988674927,0.027139846995551258,-1.016683373871865
