Time,X,Y,Z,Orientation_X,Orientation_Y,Orientation_Z,Orientation_W
1732315452.0802438,0.0,0.0,0.0,0.0,0.0,0.0,1.0
1732315452.1887014,0.07969526286752611,-0.012681080615526263,0.0054819098648157295,0.0006178850718656048,0.0011703957790793389,0.0072394117684601205,0.9999729192878201
1732315452.2966459,0.15122227445959552,-0.019779320200619135,-0.0022466447621546136,-0.0005672810409217119,0.007930897012051363,0.016551989779713727,0.9998313911350939
1732315452.3915143,0.21055754008512498,-0.02953179652948218,-0.031244429375251598,-0.0008877313746181578,0.0007930809875753442,0.01924602153764095,0.9998140695201917
1732315452.5009048,0.27669017172237875,-0.03704562977496907,-0.020256324965276344,-0.002161490512577659,0.00714522509144372,0.018791509320882863,0.9997955555485335
1732315452.5994682,0.33900946007957844,-0.021756790785460965,0.00041257925017132435,-0.004832957453372336,0.006629290854077631,0.0162393386593407,0.9998344757533293
1732315452.6978528,0.4188658978905542,-0.01769336728855298,0.020451212483284503,-0.0043497320801234845,0.007323391311474961,0.010052383819287527,0.9999131949074792
1732315452.8016896,0.4846078004044579,-0.014670560785840774,-0.026601397564236635,-0.006970326421875777,0.007568004942293041,0.0013557959635008608,0.9999461493840932
1732315452.8941064,0.57040519851611,-0.011112711093795276,-0.046032990914487724,-0.008828449257953017,0.005414640353013765,-0.007873569095609033,0.9999153699505017
1732315452.9993038,0.6576182589036367,-0.01019195934622576,-0.05639628508167347,-0.005735115699284504,0.008807346188383408,-0.017403516613613234,0.9997933069942601
1732315453.11006,0.7466464550813154,-0.013255555726593224,-0.06654935457402936,-0.0037627728997612336,0.008030471684975761,-0.022902279818911818,0.9996983738326894
1732315453.2066789,0.8289993751204366,-0.00781836660596111,-0.03120540859647055,-0.0023201185053886267,0.008747491957769504,-0.02432040841701553,0.9996632513846884
1732315453.3056421,0.9189808876962413,-0.004005840935386159,-0.00014036750883657245,-0.0021644349704886094,0.0069112398296940665,-0.021449153702468676,0.9997437090528406
1732315453.4020731,1.0103168708438999,-0.009599020266455108,-0.019657775691751145,-0.00553165760314882,0.0045154229990633345,-0.016608904526304036,0.9998365646493158
1732315453.5082424,1.1023470133267388,-0.015738201752835412,-0.024726668498562296,-0.006135557169066712,0.003760772214611144,-0.009705717982245867,0.9999270026202075
1732315453.608318,1.1971876029392432,-0.013731417908774532,-0.057248726120119685,-0.012018093510488815,0.007508668935741503,-0.005011841432932029,0.9998870270008743
1732315453.7066045,1.2934391619585561,-0.014361025498935039,-0.06586860944523623,-0.011225564743560588,0.007561064113641087,2.251215063071377e-05,0.9999084040545269
1732315453.8142893,1.393254377900689,-0.014484303650443215,-0.06990172277551313,-0.01167796076815351,0.009225912943739485,-0.0007757405291712966,0.9998889468282438
1732315453.9182656,1.4729542271265503,-0.005330239580114457,-0.09122865304521044,-0.013906797230305237,0.007483935128119501,-0.002625380669483938,0.9998718413287498
1732315454.0142515,1.5648567999863485,-0.0023329843815102775,-0.09262770156924005,-0.01096630044990812,0.0045044541680643365,-0.005794980906989411,0.9999129303811356
1732315454.111857,1.6501407198204954,0.00286071363528513,-0.10719761861918559,-0.011042627972104896,0.0033490196712559392,-0.016687274719778808,0.9997941684652649
1732315454.2093382,1.7421784094896673,0.016135229020761525,-0.13075265357371774,-0.011989701301220481,0.004136586140156086,-0.024681723246506092,0.9996148999766905
1732315454.3134398,1.8433371743961555,0.02468954515539043,-0.14115762679675603,-0.009468684411599563,0.00372252088111525,-0.03131551905203161,0.9994577655510611
1732315454.408542,1.9413273609861788,0.012090185415736022,-0.1650938216120466,-0.012408544439583408,0.004736994438158075,-0.029945751437060172,0.9994632764036251
1732315454.5123837,2.0265840819421768,0.013482824097439757,-0.1464008436220495,-0.011651461135608252,0.0032931036431943926,-0.02792830628815233,0.99953659694365
1732315454.617735,2.1270300639712967,0.011868423275830814,-0.13256549107706223,-0.013480929072121055,0.0017807947156085963,-0.021259435673976063,0.9996815141415673
1732315454.7163806,2.2231584453763054,0.014429294627173907,-0.15031054079864029,-0.013417971046656554,0.004621335640950026,-0.015777894297035945,0.9997748043241825
1732315454.824018,2.317674784372165,0.014733656646617264,-0.14250477327249683,-0.014163067470591456,0.006230373570844659,-0.009823495511746716,0.9998320303435699
1732315454.9214249,2.4099345695498777,0.02347365024923708,-0.15278055949015334,-0.019801504912296847,0.002869719026559587,-0.004040240697509323,0.9997916490804711
1732315455.0172389,2.5054614383819627,0.03201241009446468,-0.1481727220531091,-0.020066700604617543,0.005533882571380918,-0.00014050697343790004,0.9997833184887348
1732315455.1257675,2.5850546567128383,0.05093688457874673,-0.1831068058803152,-0.025292322013891345,-0.0010345989173227482,0.0006856141002418376,0.9996793275773779
1732315455.2233934,2.6782958376697263,0.06770549018471048,-0.1986881407481054,-0.021672445589828775,-0.0027551204643798495,-0.0022577328785469758,0.9997587794341488
1732315455.3167288,2.759340482110659,0.08743251998732493,-0.19516044802037222,-0.01960861452193211,-0.0019105083988108717,-0.008215381233020872,0.9997721538957821
1732315455.42525,2.8661096776376334,0.10010443686648518,-0.168638147743581,-0.016421219645546003,-0.001799093084016057,-0.012075076422877765,0.9997906277510489
1732315455.5215487,2.9433692821644915,0.11049954186191167,-0.2198213201816455,-0.017696974056017233,-0.0011567433067717736,-0.01743295417588309,0.9996907377598891
1732315455.6290677,3.037996800929833,0.11691755713806902,-0.22302440073361174,-0.01672097725307158,-0.0012694438980001956,-0.016848242575772485,0.9997174271533074
1732315455.7215571,3.131275317510785,0.11680770188164774,-0.21143826211534072,-0.016142202104484804,-0.004174775837125815,-0.0165083976487959,0.9997246987871341
1732315455.8247275,3.2190280372631097,0.12090469842755588,-0.21160391383985178,-0.013999932104144797,-0.0035722492548714286,-0.012074957803146609,0.9998227024480009
1732315455.9215672,3.3188209441158767,0.11446693673494004,-0.21519362553907267,-0.012857701852059466,-0.0028691390924858607,-0.005189477700503549,0.9998997534079005
1732315456.0261998,3.4183452310093516,0.1170041675997947,-0.23718184672714307,-0.014360635813424512,-0.0021168278122355626,0.00017907131651406782,0.9998946240042226
1732315456.1324158,3.534256039404687,0.13632885095584815,-0.21047178886844586,-0.014467383281492125,0.0009464696515847667,0.007242141132985774,0.9998686665797817
1732315456.2272303,3.6219243855293555,0.13336930141996942,-0.24920264198642347,-0.016351597303954017,0.0012473788206805692,0.004260380965406103,0.999856448929422
1732315456.3347764,3.72038068267068,0.15172519711897126,-0.27435674238910157,-0.019528682755907557,0.00370213910849035,0.008468002952065616,0.9997665815788616
1732315456.4357696,3.81222814314052,0.17598576010216385,-0.29845965318548984,-0.02337032193179875,0.001292895392360936,0.004452956675892999,0.9997161235326707
1732315456.5377786,3.9034628855840907,0.18516832491908802,-0.30889852634898546,-0.02184209258689051,-0.0012487981437208518,-0.0032711896437413266,0.9997553014678028
1732315456.6396542,4.003292218294304,0.19178950967432684,-0.3157042282360468,-0.020066621127620216,-0.0066627669419702315,-0.013154596376149382,0.9996898993425013
1732315456.7355762,4.085701308561052,0.19646482041753283,-0.3111074159229947,-0.014828104098633065,-0.0048822510801618925,-0.019152886466642285,0.9996946823371968
1732315456.8330107,4.190495993895752,0.19492436531262936,-0.3180975900609677,-0.01183597738405379,0.0023313875440782545,-0.022187495135119414,0.9996810437990491
1732315456.9371498,4.288273514920627,0.18329474635706822,-0.30562321140070425,-0.012896347795816056,-0.003266568059521664,-0.022590161281654145,0.9996562901117342
1732315457.0460858,4.386148128976102,0.17987006656271864,-0.31852065178539385,-0.011414224504060884,-0.0015573520581492893,-0.018771524402786965,0.9997574305826288
1732315457.141292,4.4831553901899515,0.17074833981743598,-0.3186477564863313,-0.014654264826113692,-0.006089480067542913,-0.016048789146668928,0.9997452711175414
1732315457.2392602,4.582414016973248,0.16909974585455267,-0.3215720980301339,-0.011976507991413976,-0.005369859404954661,-0.010914123697025178,0.9998542942700586
1732315457.3405259,4.678682479432604,0.16681226955081496,-0.31642747882673855,-0.013076313664256491,-0.006037522437934057,-0.010673557044395876,0.9998393038502911
1732315457.4326477,4.772267117523373,0.16322779363215706,-0.32422705720073736,-0.015172891285626468,-0.002805844285735931,-0.008605813180320795,0.9998439131121585
1732315457.536753,4.860939327390421,0.16520716315460027,-0.37305497168204105,-0.02086239364063287,-0.00516688776130975,-0.007974525444021953,0.9997372008415198
1732315457.6442063,4.96995236565918,0.16459611799868135,-0.3966921228385602,-0.02162203000913651,-0.009476269773136306,-0.011464147816659637,0.9996555714066514
1732315457.7387252,5.04750200088954,0.16432375403180915,-0.4167163709609844,-0.020471551850140143,-0.00949035810539022,-0.013956061858531692,0.9996479765424081
1732315457.8457966,5.14893160120802,0.15175345318218758,-0.4129066097126918,-0.020316840128377502,-0.009735156603579905,-0.01818066157836474,0.9995808703040125
1732315457.941047,5.2514887572538385,0.1466001859564582,-0.42321439586112874,-0.018306748584053407,-0.012014726782206712,-0.021089554162880896,0.9995377631695028
1732315458.050502,5.34560379459087,0.1385033093493528,-0.3866335811241052,-0.012824319352472975,-0.0074577112624876485,-0.02086483167656258,0.9996722353726918
1732315458.1445591,5.439719711170612,0.12683659421813334,-0.36951885188418465,-0.013612779719330625,-0.00569739895167308,-0.0163662310697693,0.9997571596913548
1732315458.2413564,5.5348776835495235,0.10869570514296735,-0.390093546529106,-0.012951220796185103,-0.008823313147438767,-0.0101732445062571,0.999825444825877
1732315458.346309,5.63062638922817,0.10130017614762798,-0.3836651221451598,-0.012680761541035205,-0.006989429806649115,-0.003783635521622381,0.9998880088589991
1732315458.4521856,5.738812683330627,0.08984885797097629,-0.4256524518281094,-0.018468106096623034,-0.003474205017669537,0.002723321820400665,0.9998197049843635
1732315458.5477386,5.832969164111662,0.08299208352049484,-0.4318722720564099,-0.019889462132422785,-0.008048296778694364,0.00472931928372889,0.9997586047412722
1732315458.6442754,5.926918732252769,0.07973587589062808,-0.42968398798028745,-0.02405116518141434,-0.0037119907762556727,0.0057141023374617204,0.9996875069802704
1732315458.752464,6.015924828896463,0.07986795240805503,-0.46458939504193686,-0.029248959332034502,-0.006846891793731039,0.0047400639177547915,0.9995374681545822
1732315458.8518472,6.122797317242354,0.06866170018610238,-0.5071988544092161,-0.03258720282771953,-0.01119925163010066,0.0028693134933441347,0.9994020302235366
1732315458.945786,6.220528099772604,0.0642380091355085,-0.5656277875929421,-0.030370328043815332,-0.009251904840110669,-0.0007170619113311821,0.9994956384365143
1732315459.0561318,6.322278454971655,0.06286986299927685,-0.5156765480249745,-0.03666708068441722,-0.007308484200623336,-0.0038383784660800356,0.9992934394378773
1732315459.1537733,6.4179835589823515,0.06286809229721296,-0.5454168816610657,-0.03278679315903626,-0.008927701305644397,-0.0030341228593607564,0.9994178887944114
1732315459.262463,6.526160494960897,0.07120692029239026,-0.5401181797389613,-0.024772090758423,-0.006853903822869349,0.003586330483903895,0.9996631961593686
1732315459.3616624,6.630091756112557,0.07931623404096921,-0.44665732600123975,-0.017067434396575334,-0.003751913086679348,0.013803058201953256,0.9997520199607712
1732315459.4612453,6.728220924308254,0.08528288474305445,-0.4860304666978459,-0.01884509701698993,-0.005343446147048444,0.023411568803179843,0.9995339955939111
1732315459.5578609,6.818431340931319,0.08599354137177309,-0.4966530202175982,-0.009392846206064655,0.004926637092394794,0.0280078207089641,0.9995514317264041
1732315459.651798,6.923069805882048,0.0809223629491014,-0.48556900975386036,-0.012135188565812832,-0.0004545216600681882,0.036480338290204854,0.9992605843956944
1732315459.7588155,7.023117551834456,0.07084520328199281,-0.5509977217935077,-0.008678460742532479,-0.0006765099152424865,0.03640653344137322,0.9992991498927223
1732315459.8588135,7.110754309163762,0.0756757720715189,-0.5540909730704688,-0.02501373192614814,0.00019384953653954853,0.03914451861756815,0.9989204083908503
1732315459.9549797,7.202267566155122,0.07141974491795214,-0.5593479136834352,-0.02093708433169668,-0.004187340005211201,0.033888924212614246,0.9991975007470444
1732315460.061799,7.288693543507975,0.07884976091893314,-0.593705157720891,-0.027361641637702914,-0.008811264771191549,0.02763162862834497,0.9992047814534452
1732315460.1621099,7.3891113661566745,0.08418351739319366,-0.599792757399322,-0.03450696554731085,-0.0024452561348925245,0.0217356353111098,0.9991650775566739
1732315460.2583964,7.47685538902039,0.09544746739061905,-0.6080614424524429,-0.022520675193729474,-0.009243928177905503,0.019488389562790538,0.9995136675668673
1732315460.3630567,7.573079316457069,0.10884369808652139,-0.6186727405660299,-0.022858533937583365,-0.012049420277602963,0.02055268071476734,0.9994547944818195
1732315460.4682803,7.668570606073197,0.11530068863975967,-0.5811845227273317,-0.01645023707930106,-0.010419408542678345,0.02540349303466355,0.9994876128133631
1732315460.5602522,7.763674854748999,0.1281812939924194,-0.5970012375048978,-0.016693644427922913,-0.014368363135360005,0.0330538958062646,0.9992108447913358
1732315460.6672683,7.863808030966283,0.12919091572531016,-0.5894641701454778,-0.010494287730854469,-0.010245586419472022,0.04394504846692189,0.9989262888718294
1732315460.7621312,7.955974616516884,0.1363397509745949,-0.5482602673387206,-0.013286249814212284,-0.01140678465613539,0.053433043675884244,0.9984178837907889
1732315460.863651,8.045993668945485,0.13059937639771108,-0.5895239422920251,-0.018499804269724175,-0.01175111197958625,0.05565746639407523,0.9982093543159579
1732315460.9687946,8.125824793719836,0.13706090503358181,-0.5691809724490909,-0.0228121091914718,-0.007343693629757513,0.06027330739177688,0.9978941859006039
1732315461.0651894,8.218794042312101,0.15089830048249742,-0.6036595970827625,-0.02916075154096167,-0.010841247810197652,0.06394273522577884,0.9974685180632995
1732315461.1768913,8.309228999620885,0.15241826857037233,-0.6119733024440263,-0.03064416462052718,-0.01184457626365116,0.06810544562704993,0.9971370464804973
1732315461.2753508,8.40253979015361,0.1602637089879802,-0.6595816087316921,-0.03363644484131685,-0.008001186779566226,0.07087220766765706,0.996886001892359
1732315461.3711228,8.493909322615776,0.17294043504857043,-0.6690114262383169,-0.03975613382605491,-0.007123357233948463,0.07288249008050034,0.9965223781956192
1732315461.4738722,8.578879731305655,0.18173046281569066,-0.6580390586566776,-0.027974442214774124,-0.0052278396738832675,0.07752394564306858,0.9965842353394473
1732315461.567901,8.66776077988426,0.18380833650783063,-0.6726133294035093,-0.02876341921982632,-0.006181486593413239,0.08425104296056521,0.996010148893274
1732315461.6728675,8.7545953661377,0.20934880169564835,-0.6361851588587392,-0.023980260967505978,-0.00040673264555160667,0.09246919501450139,0.9954266570802287
1732315461.7839372,8.844318380975386,0.2269872402867913,-0.5896521475638214,-0.02559203849241136,-0.00790317690300027,0.10577585555366438,0.9940292026608659
1732315461.8827362,8.93761016149974,0.2431911824880929,-0.6059929401368417,-0.016921055810989016,-0.01280305732976993,0.11511917257443166,0.9931250352795937
1732315461.9814997,9.013835227829324,0.2609743674066886,-0.6368618046325423,-0.022533097675443103,-0.004957762704041262,0.12521728058533593,0.9918610349948211
1732315462.0770502,9.0913726690554,0.26800970390861273,-0.6763609379884439,-0.029535950796547215,-0.006529970823126304,0.1332776974065336,0.9906170008967496
1732315462.1822572,9.173154659016022,0.27894881698765617,-0.638539473781176,-0.02490621598420717,-0.004961660836067401,0.13820244531400627,0.9900783536853996
1732315462.2776403,9.252876887505867,0.27597462522373517,-0.6261039406050787,-0.026661517738165448,-0.008277317046818628,0.14107379705288378,0.9896053927094135
1732315462.3838906,9.340399624571063,0.29866326373781876,-0.6654881849034275,-0.031931257057492085,-0.00713319758016465,0.14003063671420918,0.9896064536453321
1732315462.4799123,9.420795804478487,0.31688623658021275,-0.6988533873563338,-0.030171984185395843,-0.0054363627202310165,0.14312163341421572,0.9892301528863767
1732315462.583647,9.504995953991253,0.34598626126596366,-0.7082227374994372,-0.026235570993364057,0.0015307668151768369,0.14318494754071953,0.989346967633417
1732315462.6816788,9.587895324074307,0.36971961305601303,-0.6964141772002974,-0.0272577301673257,0.0036820277881879854,0.1493512017466907,0.9884015769687832
1732315462.7922025,9.666667843285227,0.39968209286664885,-0.6752242600465703,-0.025896804428888715,0.004233275848029796,0.15756551591526552,0.9871598366477377
1732315462.8950105,9.749094595844156,0.4355696052884117,-0.6608433607522122,-0.02416509831387467,0.0021375096663594556,0.1717102798082589,0.9848487492423095
1732315462.995096,9.832292599668152,0.45887316296102876,-0.6390296874685838,-0.026251215646105865,5.532887750073039e-06,0.18841663530899572,0.9817382773353551
1732315463.0957794,9.910366192243165,0.49486216081666057,-0.6465459736768382,-0.028246939211895056,-0.0006114010096737316,0.2119607007129712,0.9768696934429365
1732315463.196626,9.97549730501807,0.5081952823853402,-0.6417385923082051,-0.03009154478005755,0.005087225855046208,0.22645217665648218,0.9735440569144557
1732315463.292776,10.042114132670498,0.5201479170592078,-0.6598472726083933,-0.03068065507531272,0.006380624246388758,0.2403282036245862,0.9701857242719156
1732315463.3875048,10.087446162524211,0.5434009886168355,-0.6974620885265135,-0.031561990030462124,0.007040372622816446,0.251906617552201,0.9672111093097123
1732315463.4817061,10.146298229066504,0.5615940035671915,-0.6896906841128905,-0.02998596657744218,0.004456724380188725,0.2605372257812182,0.9649877374342681
1732315463.5884132,10.193681788069751,0.5970421190087678,-0.6905712690710651,-0.02552606809097792,0.00200027420741479,0.2656795423616911,0.963721328767532
1732315463.682396,10.250718184438934,0.6305756770566973,-0.6932713523055862,-0.023740730811489787,-0.00019166343964320022,0.27395135615404465,0.9614504643646948
1732315463.791787,10.299168368322867,0.6689609315746723,-0.7070542240093027,-0.020916934169545275,0.007745159782779792,0.28533544763356095,0.9581681359180689
1732315463.88722,10.341553480903157,0.7237222193634999,-0.7285816209673263,-0.018477001901480744,0.0014487608466838518,0.3037201315641737,0.9525810113452019
1732315463.9897344,10.369320596110745,0.780242895421793,-0.7275214100940566,-0.019617611587241714,0.0033363884966805275,0.32615207139934377,0.945107847893241
1732315464.094128,10.405873770840316,0.8306794690182506,-0.7097217445354349,-0.016605384882419773,0.002574705110378519,0.3553942546991928,0.9345654368814263
1732315464.1920836,10.436113592779048,0.8732836545334189,-0.7054628044802493,-0.013482446666462932,0.001288757263779746,0.3879599470220211,0.9215767153326608
1732315464.2947333,10.447942975740037,0.9199537488374256,-0.6818304678870408,-0.01328689629138258,0.002853496239855464,0.42010457153341035,0.9073739388603493
1732315464.4054387,10.456801316471982,0.933959433720382,-0.708032522053109,-0.010632647649116322,0.0023362500785032245,0.4504216666659769,0.8927495790743613
1732315464.5016851,10.451369858483815,0.9364033353754184,-0.7098276023143899,-0.005841957548756469,-0.0007017058622131138,0.47926179401727675,0.8776522727916156
1732315464.601336,10.449914355863482,0.9364721730452256,-0.7047959482484611,-0.0038900100135081314,-0.0004251103197444924,0.5011753515456211,0.8653369020829398
1732315464.6966617,10.450232451630972,0.9354624598544834,-0.7225150785186463,-0.0024492179722487607,0.0051008438405678955,0.5194445915264191,0.8544854001429489
1732315464.8033102,10.44384596250334,0.9287345644886424,-0.7484815285333939,0.006351485142691599,0.006797167458303596,0.5324216757167967,0.84642815192904
1732315464.8964102,10.436440372412795,0.9368308175112408,-0.7311084188388224,0.005940070053766292,0.009890283051096668,0.5445420137893238,0.8386542154471408
1732315465.0007432,10.425123296150662,0.9272712647973321,-0.7048323161454997,0.007676044623557966,0.008820754800058872,0.5547927151570071,0.8319064345420559
1732315465.1011577,10.4132062355208,0.9271688026780339,-0.7065464708917413,0.00821619753739532,0.012015091212878214,0.5619211759262532,0.8270627084610299
1732315465.2036965,10.41790185649846,0.9257832436108614,-0.718391529178684,0.007401141704845758,0.011067826354958678,0.5682141864999104,0.8227729726853885
1732315465.3076472,10.414217057002274,0.9300071158357504,-0.7200983021037408,0.00953043944725896,0.009980299734209339,0.5729384583977875,0.819482206780592
1732315465.403163,10.402586824680114,0.9170577450268499,-0.7192918312942862,0.005499432418939264,0.010528262076388102,0.5756569033531428,0.8176050645407327
1732315465.5080914,10.392419716682952,0.9113250711965899,-0.7171890430984675,0.007528154446617606,0.007980611140218233,0.5762906325283922,0.8171711837776384
1732315465.597935,10.395622696263285,0.9200753302653468,-0.714034997027615,0.00665578920548773,0.005482073286324392,0.5750440186156108,0.8180770281562784
1732315465.7114928,10.401453976016482,0.9385956278433341,-0.724870787635113,0.0034762750464870096,0.010605216567797782,0.5733172641638266,0.8192574439729672
1732315465.8133032,10.393494861283054,0.9419474363099161,-0.7234338319188525,0.004888383574775029,0.008561380149918753,0.5708278896844396,0.8210105522065027
1732315465.9079053,10.398215665051655,0.963723838316775,-0.7107267924428997,0.0022347921395965836,0.01165355343937645,0.5692566392691943,0.822074253972433
1732315466.009665,10.404073020736115,0.9857308536250707,-0.7103759724430979,0.004692965207798518,0.012225430507078259,0.5676335555436155,0.8231771750646686
1732315466.114678,10.414077413030233,1.02123435957321,-0.7262555243590446,0.004793358424362508,0.01598914222221936,0.5660337231151585,0.8242130764204509
1732315466.2110827,10.43442873148598,1.065828332332835,-0.7642120479950996,0.0046677964028699614,0.01991972401315049,0.5688887037475568,0.8221599959986275
1732315466.3145716,10.463963989649972,1.1154954784487423,-0.8062776842296573,0.007345465536699784,0.015708462319968204,0.5709798785281406,0.8207808883396576
1732315466.4084656,10.495945237409433,1.1587680353004493,-0.8047687029969266,0.010109841294236442,0.017124928670085537,0.5773241155941135,0.8162728670491133
1732315466.511199,10.526414600079345,1.239986746096394,-0.8196532509429355,0.009998708803706083,0.01658038747282804,0.5843299604607907,0.8112851618767928
1732315466.6125038,10.557256325008282,1.3032331642865085,-0.8114575233657333,0.008503535558682836,0.01647031374859185,0.5901070503747248,0.8071121903094509
1732315466.715139,10.571336836367879,1.3807018871554908,-0.7689079059740584,0.0057811203872828315,0.014090288431654354,0.5926402953708533,0.8053232411409593
1732315466.815685,10.58879522863767,1.459731474697586,-0.7731900161679754,0.005698972525967662,0.01590965915749167,0.5933965040456848,0.804732870860915
1732315466.910362,10.607227782120274,1.5595571088198374,-0.7974640626401064,0.008351064433357654,0.008922620602592756,0.5926479198925445,0.8053689152255011
1732315467.0095427,10.625001706191359,1.6358265647375523,-0.810775778086574,0.0029925600758121187,0.005426688336776207,0.5904323008833479,0.8070633765148381
1732315467.1094878,10.643868951392939,1.7101126010841123,-0.8361758756371583,0.003498335458223048,0.004168110137728304,0.5891037027356717,0.8080391178216993
1732315467.2220376,10.674496196024242,1.8073262086575093,-0.8646692430592046,0.0025867600845927083,-0.0008580614386797178,0.5864887047071796,0.8099528206344947
1732315467.3227994,10.699175762397088,1.9046602748806967,-0.8735703935840412,0.0070692793199067586,0.008785322572085863,0.5794832446434135,0.8149061372788825
1732315467.423122,10.731942526273746,1.9990719357027973,-0.8655621665881469,0.0020636492784867483,0.010057227178345049,0.5772404042761066,0.8165097116411658
1732315467.5206122,10.766061156218,2.08773624358321,-0.8815001318634681,0.0009535566222222611,0.008562505549327373,0.5766249930375481,0.8169635191567467
1732315467.6191332,10.80332817921065,2.17141176093239,-0.8594891909195094,0.004617010633089801,0.010916023818653173,0.5790571493695291,0.8152007982091776
1732315467.7219481,10.852815172750276,2.286734879008867,-0.82113664812055,0.013414500130689011,0.01262539015369538,0.584326498006753,0.8113095552481271
1732315467.8181026,10.892163895079145,2.3852560135876,-0.842716059426868,0.013610364376921591,0.013822865019591832,0.5884325218246926,0.8083135862047887
1732315467.9225721,10.933668579875368,2.4892628931976213,-0.863579363453447,0.01857418310170056,0.013571129268689374,0.5884286460667157,0.808221846191133
1732315468.0266783,10.956880735277844,2.580920702689689,-0.9064956721106116,0.008970235943341905,0.010203454078750653,0.5899765857559678,0.8073060464605404
1732315468.128144,10.990523777449976,2.675416463187476,-0.8973632326095009,0.004147374154368305,0.008780823729560204,0.5902489823490593,0.8071628306966235
1732315468.2151942,11.027433884258445,2.777231982861614,-0.907086751932371,0.004696497129391304,0.01016665527405134,0.5875037763431975,0.8091439271339589
1732315468.331783,11.062928834098269,2.884367713132536,-0.9392919899318946,0.011839177714088128,0.008435416567453988,0.582950251749117,0.812377794873825
1732315468.421392,11.105605560948407,2.9903182101420183,-0.9035510081992224,0.00780432663246218,0.008473228403263589,0.5805383040943722,0.8141514443673841
1732315468.5184326,11.140359333607579,3.088996741357601,-0.9657788931245828,0.01258834033364685,0.011986109875103124,0.5792035271278776,0.8149976325243884
1732315468.6338437,11.17771615234101,3.194392641865851,-0.9744635429625474,0.011991707543891755,0.010546649780691662,0.5788711995351311,0.8152625966382663
1732315468.7247188,11.219794351139512,3.276800376077507,-0.9685934231538236,0.015224287782496945,0.008966593586691503,0.5819542373999556,0.813029573160304
1732315468.8361008,11.266107366557673,3.4017277809091917,-0.9708577151060491,0.022189436222991285,0.007889952949468503,0.5810021688041819,0.8135612192130464
1732315468.925392,11.309298479320834,3.4908967186536084,-1.0011085104587933,0.01884702058077889,0.01555190880747715,0.5836218858929035,0.8116578233803339
1732315469.023772,11.337008517297338,3.577237628787003,-0.9688798984965921,0.009299073199346919,0.003101722382796407,0.5844134933420956,0.8113968051179388
1732315469.1369965,11.367628237328564,3.6867003009091985,-0.990886851437395,0.01330270140043191,0.006819703962828619,0.5836366753787663,0.8118773065717169
1732315469.226458,11.40212463191307,3.8134395804888315,-0.9779878269172644,0.005463586535813705,-0.0008071051334945789,0.5814349753004835,0.8135741314107822
1732315469.3260198,11.42651823641588,3.8982924111145096,-1.0064014868136497,0.012489124269445886,-0.0001261372838452096,0.5797930558448121,0.8146680417559741
1732315469.4389331,11.467189047889706,4.025111687006938,-1.024212160652679,0.015198452521735198,0.004867680579019276,0.577150467504734,0.8164818740093381
1732315469.5379,11.510517174630714,4.159352901183181,-1.0146639405625202,0.01968704024452589,0.011999401288576239,0.5745536746888963,0.8181421085096517
1732315469.6422288,11.540063323799997,4.2630689621374485,-1.0091040200116819,0.022103337454056807,0.008913646491839657,0.574568556773902,0.8181093832406339
1732315469.745267,11.573379774032583,4.348794227510804,-1.0045646382576527,0.021708377432808998,0.009474887872023996,0.5798593826931969,0.8143721932579188
1732315469.835545,11.612687531988206,4.445339594061976,-1.0066030134288475,0.022928928407818308,0.006805045210605223,0.5873633851169089,0.8089698445713259
1732315469.9370313,11.65756052410665,4.542109959993529,-1.0244489961225582,0.02254330379420673,0.004302096192552361,0.5931608454520768,0.8047567973275935
1732315470.0407915,11.693201336600657,4.634635187985269,-1.0221940129089768,0.006543582106990464,0.00309425365274435,0.594844884064017,0.8038079192384211
1732315470.1449854,11.720905886236922,4.730076200995373,-1.0395526635564059,0.006550836050120815,0.01517218486868975,0.5957559500757276,0.8029954790051508
1732315470.2471611,11.74760100923559,4.825300577743092,-1.0550012780682052,0.013090092017128074,0.014613591644419346,0.5920286789268736,0.8056780596232711
1732315470.3490338,11.784962261742841,4.958908961384892,-1.0531363270303942,0.0155238475194166,0.023207975347921996,0.5864015398390935,0.8095391492156299
1732315470.4532716,11.815209025499374,5.045372943608884,-1.0721490839312002,0.01599211868837007,0.01609719516508116,0.57967068816727,0.8145348523711776
1732315470.542167,11.843506641231446,5.133577265369569,-1.0656381221321718,0.01759599840882875,0.02276635292375677,0.5763853417511283,0.8166712997460831
1732315470.645107,11.881620747547665,5.226165689315019,-1.076941157864045,0.01822921459722382,0.018230189762322838,0.5742846901151877,0.8182496261017601
1732315470.7467687,11.91595168818852,5.3246132674893225,-1.0870440014350224,0.021773987840982348,0.0245028410339582,0.5752718724863131,0.8173051920554654
1732315470.8473263,11.945401340694787,5.42440708254618,-1.1003252595328368,0.026754226524668925,0.027051574138324222,0.5781396404324686,0.81505029284105
1732315470.9471023,11.98134551397907,5.5230169280567125,-1.0920727863194761,0.022810396794798404,0.01624498685412988,0.5853094805745258,0.8103262294592886
1732315471.051556,12.014250684765079,5.6293833104994455,-1.0976160822770855,0.023824780068793447,0.01771818825792995,0.5878074383342834,0.808455849813934
1732315471.1514065,12.04506375060149,5.7359433137345714,-1.106077616029884,0.01975892012143962,0.01770595370153144,0.5868189353087332,0.8092833999546927
1732315471.2566547,12.079518937209567,5.835090666943629,-1.0959473830705933,0.010796755314673043,0.014853797601365695,0.586943198459225,0.8094198394862162
1732315471.3568969,12.111944824926981,5.9423732103092215,-1.0983026227819832,0.014523026130497094,0.01707216792870815,0.5808681381476354,0.8136890246765454
1732315471.4560971,12.1579740772933,6.058109371129683,-1.0823939446978086,0.01642687078579627,0.01719822006210915,0.5778592449964806,0.8157898455576149
1732315471.5583913,12.184257818393247,6.147852253654357,-1.0908247082884497,0.005007862512595801,0.015831338761197827,0.5732752941024262,0.8191945600391858
1732315471.6622095,12.215032473789167,6.251818169539316,-1.088058571925754,0.011079705231279713,0.023786979252078344,0.5721502391858032,0.8197289329708997
1732315471.753031,12.244323425742751,6.347177070619875,-1.1240281474083673,0.011823956063331642,0.026599577115516984,0.5729393231879574,0.8190806971874887
1732315471.8531675,12.28427132753878,6.451905139169581,-1.1036511526509853,0.016780027357706007,0.022580255709933633,0.5758229821939156,0.8170902373123674
1732315471.950289,12.323562130108659,6.547902275036577,-1.1159348499326631,0.016210835186340644,0.018035234645243647,0.5799754010553014,0.8142729722301478
1732315472.053242,12.359075142284807,6.646983160543373,-1.1316176807080067,0.016618169675271854,0.01493110537144196,0.5852935774100289,0.8105136191153873
1732315472.1548154,12.39167294936227,6.7370954770107545,-1.17328699963097,0.01601730374613272,0.015674858941968434,0.584230168007226,0.8112785314354259
1732315472.2642796,12.418448756614588,6.83608328809938,-1.170225092570055,0.010137846464509576,0.009567213361322255,0.5869478752603066,0.8095047153815043
1732315472.356943,12.450117382103215,6.936320080363076,-1.1881749180228516,0.011405471276438872,0.012073765691812718,0.5844361372327798,0.8112697091000778
1732315472.4707234,12.482739485813752,7.040266413521859,-1.1979433825022916,0.016794415688219627,0.01151244229598053,0.5835321012692221,0.811834772636842
1732315472.5625393,12.511535527663515,7.14422033535697,-1.2240203653735984,0.014517636106740894,0.011866621272550518,0.5817751366310114,0.8131335142148094
1732315472.66171,12.536587321147547,7.23767535125295,-1.2391461978328735,0.022996261683680796,0.020580115165681923,0.5773261867084434,0.8159302083811698
1732315472.7627733,12.564642269449836,7.329196603199826,-1.2705128568886277,0.02384638958252397,0.021637099564171827,0.5788944479347858,0.8147664719270881
1732315472.8619137,12.583537817892473,7.416308113252248,-1.3002337171726,0.02391520438423192,0.023594260807141332,0.58218746946322,0.8123602182875161
1732315472.9607704,12.613073002495804,7.509330478557597,-1.2700319597522824,0.02561797277542971,0.022121800785432313,0.5893944662263043,0.8071359913810049
1732315473.0598335,12.648856558019123,7.606890706499293,-1.2624587167172994,0.019211441477473945,0.018606440549454942,0.6000400975743316,0.7995227340040569
1732315473.1645277,12.676160403449256,7.696445419871391,-1.259445396647564,0.013601623693955595,0.023868543617640153,0.6052892128687689,0.7955314307072114
1732315473.2640023,12.696627636195053,7.772352823348753,-1.3635339073197192,0.023877352512318872,0.03774059885885089,0.6077634277673886,0.7928613593202184
1732315473.3656502,12.719633706984375,7.851207808419468,-1.3700571740169316,0.021791304395807426,0.03707355673263575,0.6109848107513618,0.7904734350216542
1732315473.4660125,12.7452580837788,7.930046053924516,-1.4275339044470359,0.023049189958708,0.04638763452189423,0.6140491290692195,0.7875662443851508
1732315473.564908,12.765113434024746,8.029754042089046,-1.4169866492302159,0.027465385595357772,0.04556624598229847,0.6169113954765967,0.7852322586038996
1732315473.6770947,12.793873367439193,8.120388353918115,-1.4110312674413708,0.021274161640479072,0.037914439199199,0.6183415681522424,0.7847060662704298
1732315473.769194,12.827347981300074,8.191808483322736,-1.4185984326731749,0.029073694362826696,0.046928993126963275,0.6206661992297027,0.782129055229263
1732315473.86936,12.861713976201209,8.273844939702682,-1.3842134028308086,0.025971372963309924,0.03506356932704184,0.6305970500212055,0.7748828262368941
1732315473.9708664,12.867967256962837,8.359442835039655,-1.3856690788604613,0.02263418934126868,0.03950028862087082,0.6449170092191473,0.7628954527924736
1732315474.0826292,12.881452221879483,8.433397102710034,-1.381912852546031,0.024457994595546595,0.040175271404942925,0.6583387249679111,0.7512508750579913
1732315474.1765893,12.88761913473689,8.509715313735562,-1.4497690100602858,0.018761560713890124,0.04190703974145697,0.678403615055044,0.7332532570263844
1732315474.2806814,12.906061979710273,8.569463517788058,-1.4513538314793513,0.012425142836629627,0.042145863174501044,0.6955036920700779,0.7171777717968674
1732315474.3837714,12.936572217377751,8.666902934531889,-1.354868467392702,0.010895264715075417,0.029929963825072584,0.7155015915506797,0.6978846344207065
1732315474.4768229,12.942586442420637,8.749905620078016,-1.3029456426993198,0.00720574180392497,0.028167654019922425,0.7276244504854477,0.6853592631661715
1732315474.581389,12.93308222319964,8.817551932048264,-1.3524268774684591,0.015342001904896041,0.028388537367987715,0.7364020131637203,0.6757742144621471
1732315474.6811688,12.930146111899793,8.897635676069681,-1.3325806288865847,0.01477330595406258,0.022711512091652453,0.7492367173418795,0.6617478961328974
1732315474.7866662,12.93180146910184,8.970360385845122,-1.3062754359542086,0.016650556148783774,0.022973660640126778,0.7583405198358865,0.6512408355375268
1732315474.8932872,12.90759657366306,9.035446263292595,-1.3521909569667976,0.02277096421968801,0.02347639442751545,0.7704733143138979,0.6366327151687976
1732315474.9905963,12.874553922685891,9.088377078124358,-1.4166131183146682,0.028005579440710568,0.019761977889268326,0.7859114565282261,0.6173883172263813
1732315475.0998604,12.849256711915501,9.143183799657349,-1.354046255058822,0.030445007722081724,0.016348629492101058,0.8060614829868714,0.5908220624379078
1732315475.1857057,12.810024127551321,9.187721187587789,-1.3477909679504751,0.04691722008540368,0.015293348258158743,0.8260562426623148,0.5614231665303587
1732315475.290441,12.772725304690818,9.232994461924696,-1.408621608737454,0.04756868513440516,0.012324213609779922,0.8505812741848243,0.5235425770264024
1732315475.3970275,12.759573384354058,9.272711473325494,-1.3157415629418026,0.04969820158890839,0.007955705302350027,0.8674808720066635,0.49491790451989937
1732315475.4912643,12.721952939628558,9.31077536232251,-1.3516980896264563,0.052422476526131544,0.013267427125060335,0.8818201344939086,0.46847530322668074
1732315475.5853484,12.69037891454632,9.351495597372613,-1.2857495790321183,0.052861325517866584,0.011635502771566095,0.8938848822261807,0.44501698020083347
1732315475.6894853,12.64186632649193,9.379353988568596,-1.311816183129054,0.05545034761931247,0.015597732190808192,0.9022178458615205,0.4274165746765459
1732315475.797509,12.584918343990283,9.416138132624168,-1.2833249961189575,0.0528246935715561,0.018952035320146,0.9098822641421633,0.4110530835617909
1732315475.8954213,12.514368427991437,9.444044068946523,-1.3387842702283583,0.05522210553182917,0.025356674767076634,0.9154857984388771,0.39773522720768406
1732315475.9930842,12.453121206683623,9.47222770240163,-1.3378397412418508,0.04529371920250559,0.02670608915593918,0.9238748322959199,0.3790653743786304
1732315476.098877,12.396206804638496,9.507372173468573,-1.3080124532052526,0.0557817483114028,0.02350908322476343,0.9299405848345048,0.36269302204307247
1732315476.1924257,12.317763147212462,9.541858460263144,-1.3161737276608276,0.05875293199569963,0.02366092599406261,0.9383295452873882,0.3398910384279
1732315476.2958493,12.248092210742358,9.58505796674035,-1.2920225939237184,0.05945838825763664,0.021896320980229797,0.946347505447912,0.3168779735571206
1732315476.4007335,12.179922161658114,9.626686318397246,-1.257836049963255,0.058702810832529706,0.018754727206755334,0.9535832592113442,0.29475618392061914
1732315476.4991677,12.110855790770428,9.6603776683084,-1.2558956069434184,0.060099411822925074,0.012912973502992767,0.9581462554206064,0.2796016255981574
1732315476.6040957,12.05303828699686,9.703506088272334,-1.2474777737040919,0.07046766141634622,0.01685483359060025,0.9606538600433693,0.268131282141283
1732315476.7005205,11.97268545217372,9.739556403370816,-1.2877195118397022,0.07164768698056863,0.017850231236633297,0.96281338206561,0.2598814528016964
1732315476.8098156,11.893098194150763,9.782775443653671,-1.2467753409054714,0.07668702650298283,0.014340331425620911,0.9634715928560703,0.25619512996917526
1732315476.90626,11.810636864399058,9.82200011015837,-1.232674960008746,0.07700859343134564,0.016035918731650348,0.9637249509602542,0.2550426331902407
1732315476.9983706,11.715596846632796,9.863948851956271,-1.2146418076451564,0.07718356341761841,0.018509946341216943,0.9641596503041248,0.25317236845640523
1732315477.1034968,11.614112111230185,9.899155752562773,-1.2282001803844613,0.07672545883553517,0.02207614499883577,0.9653367147003892,0.24849723346491517
1732315477.207228,11.52623061281649,9.94499276715741,-1.25624985235629,0.08047227031621823,0.02201331358137887,0.9662736383870453,0.2436285769226781
1732315477.301015,11.42204269520998,9.992611224536319,-1.2377518299660046,0.07689288610705813,0.026001047307998425,0.9689696491561969,0.23347215812364716
1732315477.4066553,11.32170870965509,10.029517676891226,-1.2591396715161176,0.08302120348183264,0.02796195502628901,0.9710245332953884,0.2223442479170242
1732315477.5122232,11.221344430851017,10.076661970118389,-1.2235520780354383,0.08760695743705718,0.021907987738322254,0.9737966813340154,0.2087225059846479
1732315477.602457,11.14169073512307,10.120209239421767,-1.196149663923351,0.08862053871994988,0.02517487569394499,0.9743483479905038,0.205323945312587
1732315477.7085204,11.033739833164635,10.164029935866244,-1.1869442867741649,0.082712961270619,0.020322238544264515,0.9761321934018818,0.1997786616798507
1732315477.8136415,10.931378336483126,10.20660618389797,-1.2065542028214846,0.07971063596059531,0.019693723318091785,0.976389400022068,0.1998051833685407
1732315477.9083297,10.83008667627826,10.257763518605797,-1.2361635080042155,0.08824964254347337,0.029896205416882857,0.9751109782137019,0.2011884630377602
1732315478.01279,10.721279422940253,10.281920545445725,-1.1865961332015007,0.0877674741641758,0.031468755305938914,0.9738006224071283,0.20741006657724856
1732315478.1142826,10.610780482651842,10.334031993237751,-1.1691597297167924,0.08378135011670237,0.02471564897526078,0.9749697462655699,0.20445981496361001
1732315478.217684,10.504389048255135,10.376653489212977,-1.1719716330254437,0.07731534705124976,0.028709475071864957,0.9753948874770187,0.20445761574194518
1732315478.306829,10.41969835425318,10.423878642426452,-1.1813147429623738,0.0784971319257192,0.036691433086692815,0.9757098027018407,0.20120218668979717
1732315478.421778,10.33214703587427,10.474831386849658,-1.1923244928993975,0.07751053541468601,0.03902386916984071,0.977544913394298,0.19202915620137398
1732315478.5143147,10.235653037008266,10.521892602013212,-1.16196711276292,0.07764106351556807,0.031452110857810425,0.9793218910245526,0.1841501119700487
1732315478.6198778,10.13515542237683,10.563696289728712,-1.140960209590835,0.08259402521755832,0.0340776156817757,0.9794427222622679,0.18085601155340583
1732315478.7157872,10.037487891508588,10.609192444445009,-1.1371701434460686,0.07431891256394395,0.025894713248040345,0.9812929965843884,0.17569922571047675
1732315478.8161068,9.932174965628088,10.66133867245686,-1.1307424921891878,0.07767606476215594,0.022190077565413927,0.9818282971408073,0.17171844500227035
1732315478.9194076,9.831691007663286,10.707625750763178,-1.0953100493101906,0.08327383546406537,0.014668252468626207,0.9811463724790378,0.17378753254346951
1732315479.0222168,9.724143668814065,10.747673554202137,-1.1254456838664013,0.07276276182440956,0.020384364196511406,0.9815642139022149,0.17556124906769677
1732315479.1217554,9.62235567778719,10.791189845701066,-1.1169667399467444,0.07794386459602688,0.019034303326682316,0.9800277957817741,0.18195595281141294
1732315479.221968,9.5245251287646,10.829381709310976,-1.1367044266586994,0.07871096809898107,0.02630153763756292,0.9792531262792623,0.18486786440805117
1732315479.3207695,9.419876733586069,10.877174051880795,-1.131545985478759,0.07722413116791865,0.026151990817785492,0.9798921788750184,0.1821093757083105
1732315479.4219098,9.321695625825978,10.926762103690718,-1.1124449071810387,0.07809485424136131,0.0290795306096776,0.9802377726351655,0.17941427964200435
1732315479.5220618,9.22485712525737,10.970023629911896,-1.062514290503593,0.07933819501834558,0.03347799186135868,0.9811356280253594,0.17308250717824447
1732315479.6257353,9.101186752326335,11.016555321750015,-1.049916067710507,0.07793703980749611,0.032617565262999706,0.9824549144448765,0.16626561083135682
1732315479.7310781,9.009971669891467,11.040259263944058,-1.0853898867049345,0.07726197162238586,0.027514320199260117,0.9826999644421006,0.1660552010932998
1732315479.8238277,8.892568997907862,11.078905377311175,-1.060735347574147,0.07852482255761203,0.023972916038793826,0.9829645593271708,0.16443791121658935
1732315479.9265785,8.79387890978581,11.108580453328397,-1.0631393854654467,0.07216666254652672,0.02275036909418364,0.9827521502364911,0.1687382728611454
1732315480.0296757,8.68131664306389,11.143830606259073,-1.049106487634646,0.07894341603840135,0.023826396517481863,0.9818206160803036,0.17096349824597545
1732315480.1302643,8.557479870141165,11.180562460143827,-1.0863267785744322,0.07078740335691354,0.029461047050944378,0.9812872068918342,0.17662561485439282
1732315480.2367146,8.452427197056418,11.213803133250147,-1.0892995995125885,0.05965475108300895,0.03521865396866664,0.9813644798485834,0.1792336876175761
1732315480.3301623,8.351829377111503,11.25225528567123,-1.0736824565245549,0.0769334161332417,0.040098424083719025,0.9799471143773242,0.17937953866379905
1732315480.4346025,8.224785995155727,11.29852081778105,-1.0480785005243884,0.0807911681581889,0.043187543180411236,0.979301178887061,0.18049051025384075
1732315480.5295255,8.12989368519926,11.333170574137622,-1.0891216863240532,0.07651099439512116,0.04431015137027358,0.9809154218104589,0.17316932025107878
1732315480.6338253,8.023406951290355,11.365478112405446,-1.094328155267414,0.07413732926188944,0.03700590442193874,0.9822089950106156,0.16852213376187913
1732315480.7363997,7.936344537735355,11.402715900020445,-1.0065898894497756,0.08610447376314573,0.07853692877944007,0.9791886411219236,0.16615527530972507
1732315480.8307767,7.814721165716577,11.435409216789662,-0.9528264345764939,0.07643621934186208,0.040921451476415155,0.9816863415621955,0.16963155947994205
1732315480.9277563,7.6861970278812,11.464095892824474,-0.9482375137556862,0.07684483790292763,0.030273370999882452,0.981561801892033,0.17237987980623914
1732315481.0358229,7.58094328416918,11.491138781126303,-0.9387625728426756,0.08099685307743197,0.037112541516064725,0.9794980970087889,0.18068106433574377
1732315481.1427643,7.468336557457214,11.531793121261293,-0.9444001819135552,0.0709375936183775,0.03626617114612722,0.9792859966594861,0.18614929327888763
1732315481.2394748,7.365044603210518,11.56586147194238,-0.985149151210984,0.08497212062280252,0.03803843148385224,0.9772204965497442,0.19071685182420603
1732315481.348814,7.26677519703188,11.590874398693698,-0.9981974219905823,0.07776438914501362,0.04398018222189111,0.9769735285819376,0.19375543296211828
1732315481.4446807,7.181523321779947,11.614995951324026,-0.9951493714440431,0.07141072356332666,0.045547587852307156,0.9784139972798019,0.18849927248533543
1732315481.5369523,7.056350281722322,11.662864807344631,-0.9468419285385381,0.07327251436612062,0.03926886623663765,0.9794930152195717,0.18352800309098402
1732315481.6390672,6.949915119425078,11.697408487018038,-0.9473502397720757,0.07599992217212716,0.038137872667016466,0.9807115526962629,0.17599535478495063
1732315481.7441413,6.85167538107202,11.733108022289414,-0.9272716952416555,0.06804007543715374,0.04050005172376807,0.9812990377559282,0.17544940137741197
1732315481.8389654,6.738076863887247,11.762306585498594,-0.9050318740218737,0.071711588573001,0.04191799112863327,0.9809825678961691,0.17542386259409676
1732315481.946868,6.6412187828431195,11.790895148161818,-0.9030783769120219,0.07287474741034605,0.03807919447526505,0.9802686426268974,0.17975715401598186
1732315482.0442832,6.516615472376863,11.803843598194192,-0.9079988772959648,0.07918425808639588,0.03386382801806648,0.9779317283367881,0.19034870405389998
1732315482.1492426,6.423149431679174,11.860864385773146,-0.8585743097377758,0.08025969610328482,0.030443426231981104,0.976516089772808,0.1976054285564874
1732315482.2434819,6.3282614206877925,11.892610792772162,-0.8560032280387881,0.07468686549382421,0.03197986503573369,0.9768798747875593,0.19774951476436703
1732315482.3525157,6.235437378759679,11.926716623881212,-0.8594397206219284,0.07294447242807585,0.03307050233691515,0.9771289062878156,0.1969886959031957
1732315482.462018,6.14469692686982,11.961221660955776,-0.8551105145275089,0.0726366205457281,0.03631217234766863,0.9783178316362718,0.19052445459068407
1732315482.5555806,6.045588275642849,12.000237157212712,-0.8205420226780844,0.07412621662514558,0.0348796681133347,0.980430019447341,0.1790130993170924
1732315482.650193,5.942092087128131,12.031101697067687,-0.8157452281383439,0.07100444835563562,0.018358546060722965,0.9826961957853392,0.17008679810245064
1732315482.7556648,5.845612425770534,12.06697293113776,-0.8214942566166092,0.07605292256722673,0.01854425170402233,0.9822560167730516,0.17042646863186242
1732315482.8506744,5.754536370592499,12.09022640692048,-0.8016404347358046,0.06976976149489968,0.020792582609993518,0.9833636106464549,0.16642072630889715
1732315482.9526873,5.646946016807906,12.125038575276447,-0.8349044263209153,0.07280588242229874,0.016977853307653758,0.9821638033436576,0.17252628606317275
1732315483.0555725,5.557185595131626,12.155096529917683,-0.8139388112821453,0.07771991858125635,0.01577921202734814,0.9806944906746482,0.1787426828806199
1732315483.1637871,5.456663117109811,12.18664552350945,-0.7833675230494714,0.07513536079761499,0.00800592056071596,0.9800250247842972,0.18396068490242976
1732315483.2595341,5.352691106453184,12.220838002247204,-0.8037647638367016,0.0711820679627157,0.023432310074501084,0.9792144773818923,0.18847558815473114
1732315483.3534808,5.268049311884442,12.249732165881616,-0.7985003751345436,0.07000633984620327,0.02823337669087081,0.978981154275095,0.18946738082215123
1732315483.4568748,5.165753596570694,12.288663524017434,-0.8082659730529702,0.06939253761492116,0.02984692221824521,0.979459639174195,0.1869562841566011
1732315483.5613422,5.056731458627037,12.339888777524397,-0.765717521428825,0.07225482674147844,0.023678726503556277,0.9805514441664138,0.18093485917951638
1732315483.6672633,4.961472281276014,12.372128432903837,-0.7573353436363748,0.07387760324902723,0.023541751695656615,0.9824997981634469,0.1693577050903914
1732315483.7595403,4.875461639210114,12.407018257737745,-0.741485327313427,0.08376486711416843,0.024554693312114226,0.9821922585075776,0.16636971299154918
1732315483.8672383,4.770643878356681,12.436256194453335,-0.7547793604542345,0.08389759605442479,0.02462950250306231,0.9830638938675759,0.16105887605490346
1732315483.9596055,4.673392996706038,12.454676994732276,-0.7148522341530796,0.07859040875821338,0.01654369711909505,0.9838540309507837,0.1599409250884491
1732315484.0667398,4.558381958231326,12.491455515532335,-0.7311148189580008,0.07980010837738219,0.016739937251755557,0.9824875800794642,0.1675406583273634
1732315484.160828,4.449112739059096,12.531399750850946,-0.7301685562124227,0.07587404278314325,0.024839084171706577,0.9809809178522236,0.17692537505530523
1732315484.2653217,4.349402115905117,12.567061038410685,-0.7236599760993485,0.0724023362264975,0.028204024285797547,0.9800546198072406,0.18290811058264128
1732315484.3732862,4.272515651124253,12.600652683033225,-0.7113815719450827,0.07068173596517424,0.02493825638444057,0.9798055342769451,0.18537338150100338
1732315484.4656508,4.164404532333011,12.631019392441598,-0.7048955428437234,0.06748408814595866,0.025512653204570412,0.9798339048877406,0.1863344337619972
1732315484.5704663,4.0708901569338085,12.66093552496825,-0.707716628111978,0.07307658043035921,0.020028219434595873,0.9798770725037752,0.18466078793209545
1732315484.6674833,3.9899941395495007,12.698909241831666,-0.6823695906213878,0.07715889941806003,0.01654523952477366,0.981393238928193,0.17504305149041113
1732315484.7616107,3.8959543765361286,12.732358130217694,-0.6599463050295054,0.07021762064883699,0.020199912717824398,0.9828703041099409,0.16919637872844184
1732315484.8806105,3.788226588914564,12.780264703655753,-0.6576022937124941,0.08041871572611854,0.022941123467682012,0.981969856016581,0.16953388124251426
1732315484.977699,3.6846505115624915,12.819335787654177,-0.628932169050822,0.0694151994615447,0.025483477061721688,0.9832612692211362,0.1665214668730993
1732315485.0741491,3.5813727929223185,12.863184054664952,-0.5987578812450174,0.07113399322018754,0.01680808309527182,0.9830389057205151,0.16820212005319887
1732315485.1720433,3.4744442965509945,12.915396119759624,-0.6312418101712822,0.08008164459842076,0.020542760466313953,0.9817570620738181,0.17122498724888904
1732315485.2785273,3.3722732514357263,12.951942846007073,-0.6171981490450449,0.06626427278784208,0.024797624224911358,0.9825198982218557,0.17218819234247748
1732315485.3720913,3.2701158810753506,12.98649323641044,-0.5997079735830546,0.06554535293699731,0.02076613367423008,0.9814372495828667,0.17903491148700373
1732315485.4772062,3.1656472215272373,13.05074655510103,-0.6112756642015205,0.06422696604394937,0.022331159687742103,0.9818762327098657,0.17690471949221892
1732315485.578139,3.0748391896279736,13.103299982479538,-0.6055292130032477,0.06649425565556166,0.018480250070167153,0.9818560544159181,0.17662299603479958
1732315485.6837587,2.986726191706291,13.150647008572708,-0.5930359848774351,0.07170559718386638,0.018693314070987732,0.9822834983791633,0.17212784827820268
1732315485.7765095,2.8909241060826734,13.215041232971654,-0.6111762168933934,0.07353012010663404,0.010831768822341076,0.9832818862067518,0.1662309432034732
1732315485.8784115,2.8022520185325637,13.268985951029345,-0.592492609829506,0.07416565860399163,0.011213124826554122,0.9839957900267888,0.16163541110893037
1732315485.9778795,2.7046491997433106,13.32234426551164,-0.5866896621800652,0.07148331261464204,0.02663268464613186,0.9838972096999061,0.16163884703328624
1732315486.076462,2.6271913933936055,13.354182675248973,-0.5363308699810974,0.0668490330962235,0.01396969783105359,0.9848008191743048,0.15969784240733528
1732315486.178697,2.5340781132867622,13.385559712103934,-0.5316989101037057,0.07241652816972827,0.018951184000549792,0.98336375720148,0.16550655604759856
1732315486.2789278,2.428248044847222,13.404879895221296,-0.5273877378273744,0.07517272623936133,0.021453247022831773,0.9818292713930482,0.17291645744994893
1732315486.3775506,2.3337458521714725,13.439303173540928,-0.5211299269097935,0.0744532333305516,0.02339518469946744,0.980962760118487,0.1778241958776853
1732315486.478355,2.2521457598162966,13.457737961771349,-0.4892994280255527,0.07430527666483153,0.024404716155308398,0.9801744754105332,0.18204706381083763
1732315486.5790765,2.1498578279124714,13.497608118403296,-0.49244105458348475,0.07394758707417749,0.03008862027166248,0.9798483290754605,0.18309473313943395
1732315486.6793742,2.0444584463523343,13.536773757529236,-0.47563269076226256,0.07399836061702911,0.030689293402067608,0.9803422128641232,0.18030961031643256
1732315486.7801704,1.9496354789012234,13.56288075458909,-0.4643570667028225,0.07960481869760946,0.02682821274310429,0.9808224625919959,0.17587102295551205
1732315486.8776195,1.845352485627223,13.592595730637415,-0.4427721783740459,0.07950265315319141,0.0231542064280853,0.9822302775102298,0.16842473929852958
1732315486.9795172,1.7604659622813896,13.625686502088602,-0.4319359990607001,0.09352949103442215,0.02078933203853517,0.9808853615704861,0.1693633532860029
1732315487.0947747,1.654165927063521,13.663768825529512,-0.4090285167079397,0.0846901086537565,0.021688693141984544,0.9821319805918066,0.1666552092919129
1732315487.184204,1.5595475921249236,13.693456180916849,-0.42594228645183563,0.08380644778286231,0.020834477609761926,0.9819921879550906,0.16802900537474957
1732315487.2803469,1.4599646138200786,13.72862490517651,-0.4075904682381104,0.08035630970815093,0.018053776091999374,0.9817278777256748,0.1715438683091143
1732315487.3824782,1.3481602164590916,13.762770045059334,-0.4050375560962207,0.08577280742864414,0.017899922228011206,0.9790142105839048,0.18399400469612145
1732315487.4975948,1.2532561718413997,13.795750005655194,-0.4146631239437184,0.08200889272891754,0.021673603639294076,0.980266514484459,0.17855631324166216
1732315487.5838253,1.1547770919115004,13.82746646714026,-0.3966117768014197,0.07627401992071196,0.025083214029716167,0.9797295050178287,0.18352984295719996
1732315487.684118,1.0601568943734945,13.862551091479116,-0.40671794176886067,0.07069634101009306,0.0445783729314895,0.9796147145993813,0.18267404570500956
1732315487.782971,0.9647823836202023,13.898533742070068,-0.38704044995739384,0.06587824459526237,0.03720014007676806,0.9805600936860767,0.18104725664025723
1732315487.8843598,0.8600214233528858,13.937558088236036,-0.409476469245293,0.0672469940346962,0.03549159363446436,0.9812527680911366,0.17709091926849077
1732315487.9969473,0.7699965936047573,13.968976891150833,-0.4147039061629041,0.06794620680569963,0.040907863778801706,0.9812084459944318,0.17589725742675558
1732315488.0947976,0.679970743525705,14.003459813339028,-0.42923488034683377,0.07306862451579389,0.04665901513651777,0.9806257462928432,0.17566177195039406
1732315488.1942167,0.5847498053468856,14.03633153130888,-0.43917586319938806,0.07086736729978238,0.046054244480903894,0.9810392005121769,0.1744101770969938
1732315488.293396,0.49480844923127787,14.065667396327695,-0.4092406797958841,0.06945519091737316,0.03917837848686251,0.9806841743008449,0.17860453910504243
1732315488.3972473,0.3998266797193448,14.090905531150353,-0.41514188101613225,0.07071577313897918,0.05269645596299824,0.9785890854510909,0.185972483968932
1732315488.499081,0.29956358443984854,14.12649809376192,-0.42752553157184003,0.07360358013293834,0.05964499823868312,0.9765179058262823,0.19348841509675152
1732315488.5962965,0.19490278917950832,14.164692822288302,-0.43661935306730015,0.06798528618653063,0.06122570221190857,0.9767372933605174,0.19394245024965887
1732315488.703078,0.08494840439162576,14.20461526944363,-0.4340517491803553,0.06107848498467584,0.05058795730299115,0.9774036032775605,0.19593997434725283
1732315488.7960634,-0.003713583862393399,14.245018889408975,-0.4743921301182006,0.06614762779374503,0.05188508835611856,0.9785878657537923,0.1878781997525143
1732315488.899334,-0.08789092680701938,14.281208647313994,-0.4930601530084191,0.07201488016418323,0.03701739564069628,0.9811832499721201,0.1752797747269597
1732315489.016223,-0.18572773410883148,14.322579808848705,-0.47263775709434697,0.06537558558434337,0.036767319232794776,0.9820595872852301,0.1730120344553114
1732315489.1053147,-0.2840123466618003,14.357492177331677,-0.47406760733787223,0.0656019900671788,0.039651853587466784,0.9814886433678689,0.1755111174412228
1732315489.2053607,-0.3837453996928808,14.393529071039614,-0.4640133053961186,0.06433977459718462,0.040639852583814695,0.9814490319200613,0.1759732750425021
1732315489.3147259,-0.4809076392787217,14.416007729308978,-0.46096030354502293,0.05641517680521821,0.029403540850727272,0.9817471736302378,0.17923517143622325
1732315489.4108548,-0.5772457188519136,14.444902855631684,-0.4511902753254491,0.06258305847789544,0.0400254157316946,0.9792237906486071,0.1886851735407025
1732315489.5142624,-0.6846040913494065,14.487229980172753,-0.43423363518709124,0.06270742154483017,0.04496389385634825,0.9777177891898082,0.19522794941688038
1732315489.6035087,-0.782951459983682,14.528228550321218,-0.43148023164847604,0.07050328198118562,0.056710077496039124,0.9756245818789031,0.19992480979893518
1732315489.7075102,-0.8968340623217985,14.5565001537709,-0.44110500245810247,0.07419400370405826,0.05433165141655408,0.9748981395980562,0.20277312168087866
1732315489.8131728,-0.9888301290333166,14.61649808254478,-0.4178906918447476,0.0740072399003745,0.05430659818599576,0.9743558346746192,0.20543716623474828
1732315489.9191546,-1.0979670298176032,14.660803834460726,-0.4232670085579615,0.07845910472264762,0.05552549613701735,0.9750070885570785,0.20030543034962467
1732315490.0148232,-1.2060464282128356,14.705887923980791,-0.4372280439588403,0.08622843187225475,0.05280730690487101,0.9760054455506106,0.19284557586083612
1732315490.106987,-1.312604825948057,14.727333172390388,-0.4433836488310616,0.08783834216325286,0.04187011971269777,0.977456288923928,0.18737801889109573
1732315490.2074363,-1.4203277665796001,14.772562183456499,-0.4112307766473613,0.0855452389381042,0.035446478889288535,0.9787951085590065,0.18271752704534866
1732315490.315964,-1.5240832508004276,14.808219227661017,-0.41567902188975836,0.07805551105827871,0.0305992860439821,0.9776989331419937,0.19255081671928842
1732315490.4175248,-1.613146474406534,14.843087417652397,-0.41166718111267997,0.08324399867286411,0.04230189437706225,0.9767390965138161,0.19303296028829925
1732315490.5191374,-1.7268605564202373,14.889019961751455,-0.4308588841988481,0.08531386087915871,0.035958021696651604,0.9754136069810249,0.19999215267865877
1732315490.6234407,-1.8324507837819954,14.936832559417132,-0.39363888258918855,0.0923185771159162,0.02936300601489264,0.9731274192436998,0.20889739134890664
1732315490.7162051,-1.9337458073278055,14.973709604455134,-0.38945662266558756,0.09542015793854106,0.034568291949862995,0.9728008900024092,0.2082269316404371
1732315490.8173542,-2.0136783470273327,15.026389848958493,-0.35260782718184025,0.09201011196009248,0.04295257654139886,0.9726976494283508,0.2086827694404198
1732315490.9246588,-2.1056738574789513,15.093189231113257,-0.31119315683307747,0.08835693756389804,0.036053773204918343,0.9755886163561229,0.19778783748647638
1732315491.029084,-2.1964752283637887,15.132735125120616,-0.27392959105057635,0.09165598411663899,0.03357308715419599,0.9770825308576453,0.18916066262988507
1732315491.1222818,-2.301646772951779,15.175393882956397,-0.23497515060313567,0.09304023213114129,0.02939130735605458,0.9788234236319743,0.17995658255666822
1732315491.230452,-2.4147402011543555,15.2061343945569,-0.23148021692354703,0.0958986244846941,0.03244235716495822,0.9795901975060404,0.1736490490409031
1732315491.3257806,-2.515655892594655,15.218350774504648,-0.2063950751395076,0.09126326162767984,0.027119914740218076,0.9804325217689012,0.17230089250680133
1732315491.4298348,-2.6154849891842264,15.251834455803431,-0.18117522698140398,0.0994238889628801,0.026391471184442322,0.9799734809686838,0.17050031422124434
1732315491.5366805,-2.7068260761324714,15.285983030233467,-0.15500337352792215,0.09741596325470514,0.027783643472056335,0.980053174034877,0.17097945877192833
1732315491.634672,-2.8046667369190104,15.314658960708327,-0.13757196535624594,0.0943297258317933,0.022815959871251512,0.9810515208165458,0.16768794918656707
1732315491.7324598,-2.8841030689798517,15.334588398416052,-0.12342156891487122,0.1013141556566145,0.02620944845159659,0.981777931309606,0.15862093262896
1732315491.8475783,-2.941320851853348,15.339502926503569,-0.09312405585016847,0.10568589804335321,0.02167760216846687,0.9838546200855408,0.14279586497700725
1732315491.9361055,-3.0068033486767183,15.336420894736042,-0.08337072912336829,0.11343671271425135,0.01687351314892105,0.9862711321733548,0.11881351187169409
1732315492.0365663,-3.0431222932293203,15.336431934608049,-0.06048785613893415,0.11336129821061053,0.012891150537346241,0.9899539062108047,0.08351226187210564
1732315492.1345627,-3.114792556044643,15.336464771218047,-0.08799362894930596,0.10830730389820084,0.01016320819616967,0.9933150928936374,0.03861817383517813
1732315492.2375412,-3.1721594748763238,15.31453308441319,-0.06505191753335815,0.10791082629620823,-0.00123491996287578,0.9941597261715427,-0.0004091435832527801
1732315492.3363523,-3.248988817977569,15.29679480841866,-0.06144381120925679,0.10454723183409773,-0.005378072179944043,0.9936978239639922,-0.040069780432061
1732315492.4309912,-3.308411363206476,15.2668300711328,-0.019305835108811564,0.09280692858147184,-0.007335696940214881,0.9925760811349132,-0.07826739241678754
1732315492.5428336,-3.351481203412771,15.24249474751788,-0.010354628735472104,0.08332363453169157,-0.002420280080663917,0.9902391044072826,-0.11170420884914187
1732315492.6426272,-3.4031075416739647,15.20775231118356,-0.009494219779654145,0.08455848286459713,-0.009689861238546343,0.9843295581347807,-0.1544386303558467
1732315492.742788,-3.4208849012853424,15.1706284065694,0.017610297145722598,0.08278452628186353,-0.009828780052200614,0.9781233248704919,-0.19059086713285006
1732315492.8413904,-3.471920663676242,15.126790754393221,0.0706803899167383,0.076243089811791,-0.006497924638809438,0.9695029590108276,-0.23282779194024747
1732315492.9434376,-3.4950943562880727,15.064634724635168,0.05098526315779495,0.0748257434286383,-0.01048663308227521,0.95836332588635,-0.2753740623990986
1732315493.0536954,-3.534387439023977,15.010848842046592,0.0912721589512806,0.07263560389666693,-0.005997264710337957,0.9449306405934386,-0.31905201195010763
1732315493.1402068,-3.579112483873592,14.938479463702535,0.08801907668437892,0.07714192386094054,-0.0051743966226158455,0.9282401000502468,-0.36385802981452364
1732315493.247971,-3.6159536533780283,14.859245629423135,0.13109299508013983,0.08087723360835158,-0.0055392028598209575,0.909061454995391,-0.40869972027929224
1732315493.3447416,-3.6479654086828273,14.762588283568613,0.1329270702553469,0.08026381053988915,-0.001685676005220349,0.8913748771899055,-0.4461005576412907
1732315493.4378562,-3.682582621006782,14.712028897344485,0.1433321415457005,0.07819817076106615,-0.002561736939727305,0.8762765414717798,-0.4754134058468431
1732315493.5458038,-3.694446521950171,14.622270339265933,0.21984445440095612,0.07655974591514866,-0.01724263477819704,0.8610648684384266,-0.5024028156684539
1732315493.6423733,-3.7123648978749717,14.51589606358291,0.18947250052467624,0.08370303242649989,-0.008268818684876389,0.8531377685433408,-0.5148605411994721
1732315493.7491846,-3.7485861071445097,14.426308167930296,0.17945573740426735,0.07824895574298434,-0.01559191711654312,0.8480052630478718,-0.5239475802864538
1732315493.8426769,-3.775895665166397,14.319268144661354,0.20194800885596464,0.07135453431721228,-0.013197854648847235,0.8435008123065147,-0.5322036515305449
1732315493.950241,-3.8087752944525697,14.205417855767255,0.18212809523580287,0.06932755598097103,-0.008730297400471598,0.8385660918400449,-0.5403002697614263
1732315494.0458672,-3.8378532852814633,14.108159589218076,0.16954924640415214,0.06913179892715868,-0.0077966460860309506,0.8343539319378037,-0.5468212897702318
1732315494.1479523,-3.873437076525571,14.003699398233017,0.19402464824907373,0.07769587713666015,-0.011689408732952516,0.8294104268818012,-0.5530868396358155
1732315494.2551026,-3.9059566882796872,13.902816290690179,0.22272872202729044,0.08249105315649585,-0.006912852522433954,0.8233697617821345,-0.5614353693891323
1732315494.3510008,-3.9377602357971426,13.797230248712182,0.19201169061039014,0.0879399395142702,-0.00564874359861911,0.8194418003372161,-0.5663477682424716
1732315494.4571648,-3.9655513589420206,13.68665827686056,0.22920971904695087,0.08521153486128004,-0.005560406334186141,0.8211569036569748,-0.5642777824649963
1732315494.5516276,-3.994003160303267,13.580257610814995,0.20643415168822177,0.0857314053032636,-0.0053978077986102935,0.8207189899426915,-0.5648374362259314
1732315494.6544607,-4.024771137821192,13.47029236484915,0.21736827573233075,0.08973394106183583,-0.009055964602627087,0.8210254110612766,-0.563722523691776
1732315494.7602432,-4.050313090496244,13.360401858886197,0.23434992323287762,0.09613236764658666,-0.005469316019911741,0.8219388799047629,-0.5613778871428527
1732315494.8529062,-4.088277632738105,13.247108709457207,0.2291959873885041,0.09168722814080986,-0.0023090480928604495,0.8248470287296292,-0.5578669193345254
1732315494.9576402,-4.111063653202345,13.145262456037463,0.23677268966731546,0.0860236869736471,-0.00924202786142539,0.8294206661704981,-0.5518839268622395
1732315495.0706196,-4.147626170065168,13.045135886760848,0.2547470454349874,0.07771846130099244,0.0009030914568931847,0.8303642680113308,-0.5517736923848053
1732315495.1651776,-4.17972214836948,12.945963270995835,0.27206763434324266,0.08540222034014605,-0.004346981412330614,0.829127882666161,-0.5524803333135306
1732315495.2592428,-4.212724270817138,12.835400095711261,0.28073154475901774,0.08828161003524862,-0.001110393021724554,0.8262603476769375,-0.5563263091143849
1732315495.3535428,-4.251434782810443,12.73135276256053,0.3219940435211406,0.08553548355415139,-0.004272396116163951,0.8221098742470934,-0.5628505861675346
1732315495.4607542,-4.2898188652806315,12.622337194994781,0.3228736813256994,0.09053979884461326,0.002691095460459758,0.8200134628843546,-0.5651311560318825
1732315495.5693104,-4.323611531219083,12.522185211780103,0.3045880424393008,0.09037198866130847,-0.0043567898614503,0.8217601011025635,-0.5626048864723173
1732315495.6650064,-4.350244814406918,12.424573995620934,0.32790375595359933,0.09635724628642262,-0.0002822478180801169,0.8194691972387408,-0.5649649867029631
1732315495.770533,-4.396004377327544,12.306568753584733,0.3136986288323449,0.097077316007815,-0.007791594928913542,0.8229223535010957,-0.5597446613166734
1732315495.8673885,-4.426772028826799,12.19947169747538,0.3209803317553721,0.08810472984041123,-0.00572815750026584,0.8271230512557374,-0.5550425234807819
1732315495.9629266,-4.461869755026123,12.089464376341233,0.33460984293476237,0.08877400240973071,-0.0036626997819179385,0.8286834603233306,-0.5526205603414763
1732315496.0735998,-4.489905009355881,11.986919667026346,0.36150376714585875,0.07951460963646856,-0.00699876513628106,0.8319356837676679,-0.5491005938933762
1732315496.1661649,-4.526737389067951,11.890097611882876,0.35749348574602813,0.08401001644125114,-0.0006985840737964433,0.8324444327885127,-0.5477025611007755
1732315496.272689,-4.557990365055502,11.79375223729681,0.3873214111818566,0.08406105660619277,0.0045771495112740535,0.8314912626348931,-0.5491220889980057
1732315496.3706865,-4.601641734445288,11.683617003964423,0.3836185586443417,0.08671834571260668,0.008404727191115402,0.8296713591166807,-0.5514115749041619
1732315496.4610848,-4.634560321987229,11.593472742728009,0.4320306935566318,0.0887353202085106,0.006188645636979961,0.8278906388972597,-0.5537913267992313
1732315496.5696683,-4.67435603372003,11.492319011052981,0.42105505716896197,0.09593384008098298,0.005077636586896639,0.8287693259652033,-0.5512824323994736
1732315496.6738186,-4.703364234580391,11.391804886734727,0.4035776642295037,0.0959479687372848,0.0029416485210660703,0.8275163951494693,-0.5531744297751675
1732315496.7689917,-4.7374589720359745,11.285174767730245,0.43595956629945576,0.09581166770544083,0.0015782986089786788,0.83333771129778,-0.5443949781482789
1732315496.870176,-4.769724357262735,11.189434625411737,0.40258525772374654,0.09417773172539147,0.0027808336617499985,0.8355019319014672,-0.5413495576789569
1732315496.9785259,-4.811188961230943,11.076859920894107,0.4005594181811425,0.08911322131635682,-0.0010640488931726588,0.8414662663858005,-0.5329092081399931
1732315497.0893075,-4.841910312776548,10.97371317671939,0.4097206828116615,0.08697063842947059,0.0006074008802881004,0.8415743218662023,-0.5330932375202838
1732315497.1710145,-4.863855984474759,10.895606514860406,0.457495209412885,0.08398248628223698,0.0028895053163614237,0.8430668929248543,-0.5312031690511503
1732315497.2753685,-4.90359288575646,10.787260358521003,0.4653245572275253,0.08132515633123073,0.0015663831585280563,0.8420680747300642,-0.5332027033980355
1732315497.3886652,-4.932564085506449,10.709113716508963,0.5086420868475034,0.08380277706331893,0.0008102429983266879,0.8391212039179619,-0.5374495727015656
1732315497.4745188,-4.979457422797155,10.59952938905355,0.4884712842702381,0.08247730583942615,0.0028693649190876525,0.8354288470338695,-0.5433671892092415
1732315497.5832007,-5.01383357371573,10.519018617072819,0.5347886117716083,0.08532364899394976,0.00204176653994656,0.835921070837428,-0.542173099148989
1732315497.6936905,-5.0496501762089485,10.415501258333807,0.45965106742354855,0.08563613582036085,0.0034975751821564594,0.8340888200394561,-0.5449312429048689
1732315497.7803352,-5.078944136406325,10.322432187148268,0.4652438153534426,0.08484849344544755,-0.002998078468620019,0.8355864179404253,-0.5427587703925882
1732315497.8885844,-5.105968760981038,10.23355428615352,0.4939788472478508,0.08201850543465103,-3.4352334195936196e-05,0.8386900086230588,-0.5383976532462642
1732315497.984914,-5.141740252103274,10.135109345519178,0.4930320208426018,0.09055148362249972,-0.005231119576273646,0.8410308118196556,-0.5333293895621716
1732315498.0905435,-5.1840124705587245,10.030985150654445,0.519473286949621,0.08515221426692876,0.0011636856924849837,0.8440741033686628,-0.5294210557415308
1732315498.1800811,-5.2118276788147995,9.947785524496506,0.5222542733986142,0.08535137210538916,0.0007950063330132151,0.8449090991720863,-0.5280559869747798
1732315498.2841623,-5.252590659085269,9.850654932414232,0.5303786563631032,0.07986571424600729,0.0035977829812275652,0.8446963948301895,-0.5292414611550286
1732315498.3906379,-5.288470567861139,9.758952890576635,0.5586466472175395,0.08423977141971671,0.002139532032936625,0.8423185658075043,-0.5323518733026615
1732315498.48562,-5.324798129853499,9.672351055331509,0.5935971101404665,0.0906619651476947,0.004287311966512636,0.8373282786782374,-0.5391135137950323
1732315498.5929482,-5.357982289897828,9.583069132214233,0.6255919751642232,0.08246064193170914,0.0018565471343419127,0.8345916500330057,-0.5446591351103525
1732315498.6895485,-5.3890146268773185,9.500429125458822,0.6545535067213741,0.0883954570598501,0.0018897660765915814,0.8356249120778699,-0.5421380620001043
1732315498.7819567,-5.421142273567044,9.414497210852161,0.6675955020979245,0.09498540921951756,0.00033374359547191923,0.8342960728739398,-0.5430724845145007
1732315498.8860006,-5.454201105201203,9.324485482784226,0.6507403890518315,0.09416138695395485,-0.002522959828540977,0.8364075206703289,-0.5399534491469975
1732315498.9909477,-5.480806518159694,9.239599753895341,0.6619509116327453,0.09434757801584029,0.006281999003499239,0.8391420557785129,-0.5356301720720071
1732315499.0953863,-5.5111838448133605,9.14602829273399,0.6917356778351564,0.09576246323385519,0.009376579320873546,0.8437511146839349,-0.5280394747215877
1732315499.1913106,-5.553930036192632,9.05416583778122,0.6911574404663376,0.09404691624407102,0.009462562633298227,0.8481800454691432,-0.5212065309647983
1732315499.2956207,-5.5960509806147565,8.968898315601967,0.6708621568516318,0.08968312580183821,0.002377753328993537,0.8502971577704617,-0.5186000643289532
1732315499.3888102,-5.635782741706706,8.8831044969384,0.7051464301289307,0.07909405810981068,0.004489693708381315,0.8510806166914852,-0.5190238496573795
1732315499.4877622,-5.675550691038881,8.790833808371652,0.7234141047802023,0.08450144620886638,-0.0020141368107748636,0.8492222525219117,-0.5212264523814215
1732315499.6043167,-5.708230844802103,8.715814785975367,0.8169612765354799,0.08002134919492151,-0.0022658917730994654,0.845153786466688,-0.5284945852395337
1732315499.6998193,-5.756734213574137,8.61995197795356,0.7986545613520537,0.0756792223171939,-0.010087698586896648,0.8405172308868566,-0.536378297685469
1732315499.7910593,-5.782930678734999,8.549096750641768,0.8148101819836526,0.0801393410940239,-0.010348824107376475,0.8408784881504285,-0.5351578795210279
1732315499.9062302,-5.809592439954081,8.47411064409425,0.8237525858702224,0.08172154799917095,-0.009689192997113932,0.8403412209548607,-0.5357745239321834
1732315499.9986227,-5.840116089075642,8.384105349182922,0.8313863911675146,0.08211895926043698,-0.013131800198904753,0.839632344227029,-0.536750928159718
1732315500.1065426,-5.867584761627025,8.295826443899609,0.846731285502603,0.09937408920391909,-0.022389111102220444,0.8411432757496444,-0.5311322883793398
1732315500.1985798,-5.905637603062205,8.210225924434127,0.886020337377186,0.09577574546483308,-0.0153711328089432,0.8447430854330417,-0.526307756420955
1732315500.3027456,-5.942547153905032,8.104475359286033,0.8883640544584299,0.09303394335282271,-0.004610468234650333,0.8468695489656086,-0.5235794075406635
1732315500.409344,-5.979336635903491,8.02397511253522,0.8988966217855712,0.0894040251535699,-0.007282875780463188,0.846200601363841,-0.5252603376014033
1732315500.503814,-6.016771814661917,7.9435944414966055,0.9266985729597401,0.09618569003958936,-0.010068272274293993,0.8448065775687418,-0.5262592416486055
1732315500.6084244,-6.063768048327863,7.8624625916179145,0.9049693319996983,0.09000749256887057,-0.005980300276010153,0.8433600838081537,-0.5297231883994995
1732315500.7017934,-6.119939296278444,7.73917908493754,0.9067657019731996,0.09751951929098691,-0.0008772170059674345,0.8396656432327696,-0.5342759412710154
1732315500.8008788,-6.148779847545846,7.661190323410068,0.9381787802918193,0.09757010944126245,-0.012390890558964501,0.8373629771845229,-0.5377264955480581
1732315500.9116263,-6.183354252837849,7.5649525757462825,0.9550230136234639,0.10520572054421304,-0.010638012068547364,0.8373655780123681,-0.5363184481471429
1732315501.0171463,-6.228453909629559,7.4672068518368375,0.9712037041475412,0.09932377422844166,-0.007202566561996221,0.8364755974030657,-0.538879843616426
1732315501.1091235,-6.268548760482621,7.368414207948968,0.9616279809676751,0.10618097273603516,-0.012818721344314138,0.8375070656735666,-0.5358574403306512
1732315501.2146776,-6.315102921341462,7.2621358469003034,0.9439193495497413,0.11825934741317565,-0.021117804079755054,0.8367516997263613,-0.5342427894733268
1732315501.3127518,-6.357059592845432,7.160855890646884,0.9873630973520626,0.10978591101192867,-0.015143202292745017,0.8400264674705465,-0.5311057061597929
1732315501.4125793,-6.40358800148172,7.0485805778980595,0.9954778985807717,0.100019129869348,-0.008000319603361172,0.8396228461446317,-0.5338217350177336
1732315501.5238926,-6.4554586764437,6.947655159411577,0.9945174880012377,0.1043355457490745,-0.011231239707889945,0.8389248225788632,-0.534034732211136
1732315501.6132624,-6.487672030944586,6.858547110232568,1.0268190772038235,0.09903541285371736,-0.00786641581110284,0.8358592349891196,-0.5398791029346406
1732315501.7192948,-6.541459202418878,6.756694946655086,1.0266773771329873,0.09943697409381341,-0.008379644078133325,0.833175495214872,-0.5439307528726139
1732315501.818746,-6.5882010296396265,6.6426955447405405,1.057783951370391,0.10371542372823944,-0.015224712759223075,0.8258294196561456,-0.5540912277157874
1732315501.9234138,-6.625505526111387,6.5519455330570215,1.0743053445351904,0.10849120212938856,-0.02019425998187252,0.8186161221167935,-0.5636395084925199
1732315502.0297887,-6.661922037629393,6.454119324812368,1.0810964727377392,0.10879627920260257,-0.0164785753002214,0.8118096626577902,-0.5734604587956427
1732315502.136237,-6.698223587789073,6.349529720332437,1.0965934761783043,0.11304376801142002,-0.019633698643734876,0.8070868448197576,-0.5791773901916009
1732315502.2279081,-6.732531875819536,6.236856717255655,1.0777634190406395,0.11611510561425992,-0.019523310237884478,0.8053004134098126,-0.5810571114498523
1732315502.332479,-6.755652260861804,6.1427826809155945,1.120509811665336,0.1131164927975839,-0.013897904959750046,0.8029215433166962,-0.5850884570488073
1732315502.4228415,-6.787371996492881,6.0265619346090205,1.1481203503077868,0.1061139974475267,-0.02057353100089379,0.7958320821554874,-0.5957917810601597
1732315502.5238192,-6.807422763015185,5.9237618571772614,1.1503901114033486,0.10619374190687825,-0.021572788913567703,0.7856845600690269,-0.6090626207758599
1732315502.6364307,-6.826436219753242,5.815143115975106,1.1784733463715362,0.10692793956486005,-0.02045451986017019,0.7714700949840322,-0.626882701070898
1732315502.730821,-6.842008493449373,5.721805669247495,1.2185668889563885,0.10708351666448279,-0.02580232299216073,0.7524403470912066,-0.6493850049509557
1732315502.837026,-6.858421307453743,5.6126862559293995,1.2669572438275498,0.10689668707307047,-0.026070221984205555,0.7302097169891384,-0.6743049836921355
1732315502.945941,-6.870872609645798,5.495432250191244,1.2561793161732595,0.10929005366472351,-0.03048069661368258,0.7027719735760296,-0.7023091658656256
1732315503.037393,-6.861298006677106,5.405717235064696,1.2912232597124031,0.10611228851739973,-0.03276098157862786,0.682196703002549,-0.7226856569235122
1732315503.1505275,-6.839115064229332,5.32366703898333,1.2743108807291321,0.10956258609983087,-0.035192671353948324,0.6627458251868884,-0.7399496515347187
1732315503.2341702,-6.803772189990611,5.243571817722362,1.2720265792699763,0.10965283325003276,-0.03585079521991483,0.6469797530329697,-0.7537295110360536
1732315503.34365,-6.790345620314603,5.16182577178338,1.2512568318814559,0.10900885822373124,-0.03681249629800226,0.6316607315555577,-0.7666593957910356
1732315503.4369838,-6.748703174336778,5.073799075390773,1.2693287766629755,0.11212859973698014,-0.03563389243595522,0.6175725119873912,-0.7776641918382122
1732315503.5432858,-6.729373576373344,4.990323249619337,1.2719521626144346,0.10685705313678412,-0.042005626992921846,0.5982935923089587,-0.7930081178000663
1732315503.6483982,-6.705243528003137,4.913713751325193,1.225222209952797,0.10339367169521688,-0.042403032512771555,0.578943658852597,-0.8076731835095043
1732315503.7448912,-6.698283230700828,4.846717210214084,1.2319776947397898,0.10139139838345593,-0.038587908982668895,0.5544065657307238,-0.8251449069634758
1732315503.8535912,-6.6516781655697725,4.757990756181195,1.2292971545396885,0.09856840893913044,-0.038124026679655365,0.527736125182448,-0.8428080502257076
1732315503.9400818,-6.633073303183203,4.683835552626794,1.2102186864790845,0.10474429758732026,-0.03510501894658277,0.49536600604567105,-0.8616314698413495
1732315504.060696,-6.554777622575131,4.578222185975226,1.2263693775931301,0.10251610443910947,-0.04027925565624951,0.4646962940074754,-0.8785928432607625
1732315504.145779,-6.504561652873509,4.499875527988601,1.2042680800803076,0.09545410937634191,-0.04160863434915435,0.4432591785589376,-0.8903249604346318
1732315504.250947,-6.439720122157561,4.41364913443551,1.192596689199327,0.0890069082766034,-0.04091693771143225,0.42328814106997326,-0.9006834760978972
1732315504.3653288,-6.3823806781756245,4.358959441221793,1.2306304869925224,0.08346985787366681,-0.045609619244923016,0.40851012182967195,-0.9077841295266711
1732315504.45022,-6.33742759434204,4.310087796589967,1.2465025084116554,0.07824056335276586,-0.049928006328866986,0.39429822031429124,-0.9142836112969298
1732315504.5414631,-6.269243291738485,4.24755770214176,1.277616417026497,0.07324048174247291,-0.05029560801083088,0.3804292161016777,-0.920532343366664
1732315504.643247,-6.197242007701249,4.164807708476242,1.2405265846434794,0.06759299534727892,-0.04831871080496952,0.36849840756792623,-0.9259078856910874
1732315504.751372,-6.14141699099617,4.104686256785386,1.2075615108231261,0.06788232411632783,-0.046665516316158076,0.3649832811986603,-0.9273626712909475
1732315504.856675,-6.052963632630213,4.03250789016114,1.2170356673897178,0.06547648843018383,-0.04952307416238204,0.35608942995222537,-0.9308386608126944
1732315504.9588063,-5.970613909614356,3.9564349566282377,1.199927029240241,0.06561561126720483,-0.04313562769920809,0.34446445283477617,-0.9355095669811067
1732315505.0489364,-5.896663186448955,3.879455678078151,1.1730769122302611,0.06943771424370165,-0.04245205970932171,0.3339092166293956,-0.9390851194199084
1732315505.1553445,-5.817221301686746,3.8080714903801587,1.1829009381226303,0.06955236749954158,-0.039524503611034795,0.33001097153788,-0.9405812248036051
1732315505.2515728,-5.759963816631552,3.7493795156934717,1.1701749205503855,0.06926254917139152,-0.04048565330849868,0.329785898574924,-0.9406406711696618
1732315505.352442,-5.6655651788351,3.6808044924581007,1.1860313346771445,0.07703603882085985,-0.04107452128095103,0.3305137517985672,-0.9397547511427039
1732315505.477748,-5.581737279427427,3.617473391879282,1.1449113671298843,0.08325505990980236,-0.0393528167269495,0.33263285433053236,-0.9385495911425847
1732315505.5615697,-5.506427237216881,3.54131826158165,1.1013833112967895,0.08679059502750158,-0.0433368393965427,0.33654690922280583,-0.936656547971234
1732315505.6595473,-5.430442314111893,3.4798865741141305,1.0816554578792097,0.07821689865291465,-0.043716919838326734,0.3411252222738042,-0.9357374259975609
1732315505.7537854,-5.34486569710573,3.4087857516852957,1.0745215381473248,0.07818071296092999,-0.04245164804192196,0.34126124113830986,-0.9357491111377624
1732315505.8532405,-5.249174619568281,3.353522246846443,1.1038949035690226,0.07712489102308817,-0.04279603343205246,0.3393568545640778,-0.9365133079494731
1732315505.9705112,-5.162086828375708,3.284509059273254,1.0833891598977505,0.0763181773298447,-0.03780346597706084,0.3349548446312478,-0.93837715542641
1732315506.0695968,-5.099882374847485,3.2086449768044067,1.005411410973494,0.07554791746275363,-0.04161759971238849,0.32676863115418364,-0.9411603206966269
1732315506.1676047,-5.015476246967331,3.1484441608811697,0.9833252749067753,0.07837596668967323,-0.04653284744493846,0.32378390784669436,-0.9417302601979978
1732315506.265966,-4.925465096868414,3.0847964369064185,0.9941025428192951,0.07781108312788526,-0.04472003101203874,0.3248837742044536,-0.941486105806325
1732315506.3721693,-4.83227858602808,3.020615956447771,0.9844318440794382,0.07629576747495637,-0.04741503714182091,0.32194970200366657,-0.9424856282707668
1732315506.481234,-4.728616157965978,2.9501667838390095,0.9466301622093027,0.08081904169803986,-0.04897095183979147,0.3241128007353344,-0.9412868961020115
1732315506.5621684,-4.627193921647071,2.891401170719519,0.9733361437711707,0.07972469156193193,-0.04417250862358402,0.327996208883257,-0.9402719021615045
1732315506.6793566,-4.5385584391704095,2.8345538593578876,0.9264648842189054,0.07920221028615465,-0.04330582548779713,0.33269199865792,-0.9387053048707874
1732315506.7705877,-4.457235519252295,2.7818740659623087,0.9542168217554199,0.0781544011869037,-0.04548553805791827,0.33245562134564394,-0.9387737827812047
1732315506.87415,-4.371742306408273,2.7346700572472478,0.965355183706258,0.07743545639510457,-0.043313177094952554,0.332504899346587,-0.9389186390163387
1732315506.9631345,-4.266839887215442,2.6737379983874034,0.9573361337286368,0.07950408371672282,-0.040664544250227,0.33099451789793227,-0.939397745704
1732315507.0649433,-4.176684930596174,2.6118427534818545,0.975388088419237,0.07897370086771519,-0.038086059047627865,0.3289726094885004,-0.9402604048255794
1732315507.1692588,-4.084876227269559,2.5447032002515204,0.9509403801471787,0.07610192749021091,-0.04330800243236675,0.32754183116076774,-0.9407705684152773
1732315507.2730837,-3.988953409380226,2.4740154125754246,0.9541554198641506,0.07711720069430283,-0.03900502415377678,0.32744369562412473,-0.9409102888388536
1732315507.3800662,-3.90705189531168,2.413965499574632,0.8998142787414221,0.07874174785326879,-0.03866247760711557,0.32927952915618397,-0.9401488933397391
1732315507.477022,-3.823855220566144,2.3611779753571263,0.9115433307689713,0.0869741802524227,-0.03667177269681782,0.3294388099702885,-0.9394470413711546
1732315507.5828876,-3.737940423142133,2.2931170641112475,0.8989336241917751,0.08932228239444356,-0.029221710106741447,0.33519329159629824,-0.9374503073731897
1732315507.6734927,-3.6486996656413115,2.223356725302002,0.8694866961976189,0.08793434508719866,-0.02634620632539171,0.34133785506308234,-0.9354474314819852
1732315507.7885783,-3.552425547006721,2.1595861046899003,0.8499190697620147,0.08306025371850695,-0.031862298424473856,0.3456596837729302,-0.9341333797720153
1732315507.8881986,-3.4567763382363292,2.0982640697041064,0.8700093819768888,0.08343203686735423,-0.03412481113480445,0.3479598046778787,-0.9331658838688185
1732315507.9841661,-3.367795995951754,2.0525288512711297,0.8697298338400934,0.08018781957107612,-0.03671921321154724,0.3475791248339236,-0.9334936341251643
1732315508.0698655,-3.274633287934833,1.992940028597805,0.8858813726054606,0.0743092749907138,-0.03804429340955215,0.3467852383055376,-0.9342220088831419
1732315508.1829545,-3.187937133740782,1.9249592358710537,0.8604398060331917,0.07700590568426871,-0.04230445832625464,0.34022975946363343,-0.9362286761629042
1732315508.2851934,-3.0945765126148768,1.857245663252745,0.8363523877856398,0.08152751808848033,-0.04438975276634591,0.3314187417082862,-0.9389059757436463
1732315508.3866642,-2.993664224493095,1.7823654694722306,0.8413518993240778,0.0822142612415328,-0.039432348644187626,0.3298833296959903,-0.939607840493338
1732315508.4875815,-2.9019918480558164,1.7131813373821347,0.8212923230392697,0.08431325229695599,-0.04098098232764005,0.33129761045493017,-0.9388576717907665
1732315508.5794075,-2.815323558133941,1.646884099837516,0.8162747955149854,0.0862416615151334,-0.04085957870811917,0.33314228168143695,-0.9380346959478325
1732315508.6766517,-2.7226551711223372,1.5836957769262097,0.8378871061487168,0.08739857588389394,-0.03708580814910699,0.33651477300185106,-0.9368798958873314
1732315508.796017,-2.6318692851794196,1.5056489843541772,0.8193555942312685,0.08076822092640673,-0.03921248201344012,0.34218281542563195,-0.9353340561366644
1732315508.891691,-2.546176782424345,1.4365516057751342,0.7853848165058697,0.07526349571624064,-0.04223291863178415,0.34158770658058824,-0.9358790656427642
1732315508.992006,-2.4624861524177035,1.3600953833447766,0.7679800992946682,0.07522827446367156,-0.043623941770624175,0.33957834267536535,-0.9365490951415255
1732315509.086461,-2.376474630781674,1.2975530850276515,0.7654523144434613,0.07897054042871102,-0.041573967234950424,0.33259601142337225,-0.938837127608913
1732315509.193824,-2.2867714591324706,1.2286249039080737,0.7762140289188437,0.07788291799682578,-0.03838378012247548,0.3260353525316266,-0.9413617186854011
1732315509.2923331,-2.1941975802402496,1.158351380686386,0.7718688471439776,0.07957391804431374,-0.04040665521068851,0.3182642670857215,-0.9437918997729818
1732315509.3985722,-2.1030994963922964,1.094688303069241,0.7932243679237239,0.08101220355647928,-0.03601209198366484,0.313779439288693,-0.9453478807214302
1732315509.4983644,-2.0244055365947444,1.0184216809232725,0.726563723787141,0.08505942990558266,-0.03953840280784145,0.3129860706113495,-0.9451144521642609
1732315509.58693,-1.9543788476055575,0.9495948365789029,0.6797407847780352,0.0892225881173022,-0.045385462760995685,0.3167738514297115,-0.9432040164190074
1732315509.6965406,-1.867699236181279,0.8965461042677085,0.7145448799773462,0.08653774059306395,-0.04202871531868389,0.3249135191404937,-0.9408379305812377
1732315509.7886124,-1.7859213019746916,0.8303096079098817,0.6775222979576903,0.08717831058962835,-0.046169439051083824,0.32903046490120713,-0.9391524254487541
1732315509.887241,-1.696830800652645,0.7818564456895425,0.7242591717716351,0.08202475379710902,-0.04602704527132648,0.3357511358086609,-0.9372430984916569
1732315509.9829223,-1.6069552267078366,0.7148428940040557,0.7373435290457824,0.0771644069498534,-0.04599304362802056,0.3370737229141547,-0.9371827994354303
1732315510.1009512,-1.52900958799363,0.6501828068567383,0.718956255314545,0.07570181837028495,-0.045180484818966776,0.33574488505721145,-0.937818388945217
1732315510.1930819,-1.4503106080147727,0.5919244985715659,0.7574404349797721,0.0779784652946948,-0.04104950990960095,0.32936109935517066,-0.9400827425907482
1732315510.3082197,-1.3694086796652893,0.5296147263810056,0.7773762788726781,0.07890833942076109,-0.04304512788190051,0.3208755779206832,-0.942846463868045
1732315510.4015465,-1.3057075729623087,0.4718021753970385,0.7600434460369847,0.08436611360920941,-0.03614966348167681,0.31860759136647077,-0.9434324371290261
1732315510.4980917,-1.235654047004127,0.42340701717876916,0.783213167987638,0.0898693766403238,-0.031240028501884204,0.31436586886931,-0.9445219194123763
1732315510.6000617,-1.1851194704996706,0.38678544521460445,0.7510777447635739,0.09513549523586248,-0.033977118958737604,0.30990650999399805,-0.9453849734344962
1732315510.6925526,-1.1268585553847963,0.3444299910839179,0.7491752704318149,0.0952777095776768,-0.03416230462448301,0.31361819642990996,-0.9441391432767402
1732315510.7994633,-1.0720832868722985,0.31162253347772495,0.7448857395629194,0.0933346247206454,-0.027215787894389637,0.3151538955699917,-0.9440476528351265
1732315510.894946,-1.024854005655662,0.27875020615709634,0.7161983792304607,0.0933125735141774,-0.02531172481719761,0.3089590889560525,-0.9461481710394483
1732315511.002459,-0.9808231719677396,0.24439057646715856,0.7201841850304387,0.09314056079819634,-0.027309914090823298,0.2953703621175373,-0.9504395581561248
1732315511.110733,-0.9472363076503623,0.22125565320283513,0.7106858820099937,0.0910030518017291,-0.029536423164490178,0.2803110499925243,-0.9551291847286486
1732315511.1970735,-0.899352732534993,0.1977873884039023,0.7261624301255747,0.08704614016354947,-0.035715384463224434,0.2574929572560378,-0.9616884930983188
1732315511.297353,-0.870585556721859,0.19424804293965625,0.7412609251385351,0.0877622086836817,-0.03496489972772405,0.22855059752758267,-0.9689374979237202
1732315511.41641,-0.8494126832131084,0.19675743039574112,0.7951901380793736,0.08501980417284535,-0.031168932455750226,0.19188099758119415,-0.977231709122318
1732315511.5109828,-0.833579168070111,0.19849995377591867,0.7764345820881093,0.08234977151701471,-0.03403154350090016,0.1593786374901007,-0.9831880893749381
1732315511.6164663,-0.809321345063144,0.21120617403577757,0.7825210884051543,0.07956354793424678,-0.03194492731023636,0.12970381614211302,-0.9878390979994318
1732315511.7054827,-0.800382219321893,0.22030804337466137,0.7801977083871829,0.07157576106256958,-0.03342162099895875,0.10446364134564201,-0.9913865307304832
1732315511.8010542,-0.785297644276449,0.23169387934937946,0.7573725329105638,0.0649109509912181,-0.03501374505962895,0.08557304557717169,-0.9935984399987048
1732315511.91386,-0.7884765684814097,0.2562541580886446,0.7446427201932995,0.06034556481877301,-0.03946751568094309,0.06580539778842745,-0.9952237826908484
1732315512.0210042,-0.769741840295155,0.27348318928859383,0.7204984253905984,0.05952696779002617,-0.04537990458990302,0.04950445141475332,-0.9959651166853973
1732315512.1116793,-0.7651860976253717,0.2877238640355335,0.736037545915952,0.055264950599658524,-0.04944520314554228,0.03360417869609203,-0.9966803481027253
1732315512.2096837,-0.763752794290272,0.2993666294380506,0.7165640502760198,0.054738440961366486,-0.05212592388858757,0.020465695111594462,-0.9969291581964961
1732315512.3073564,-0.7604692232510111,0.30141565558538996,0.6803036268517921,0.05801462321097409,-0.05569185694178544,0.013090001099226867,-0.9966751589330304
1732315512.4147832,-0.7689317526144084,0.30976778937592275,0.6695146029514714,0.060020202056543154,-0.05799254095582945,0.008820813294688562,-0.9964720938341887
1732315512.5249608,-0.7695136230331654,0.3185230537996606,0.6797538662718168,0.060508151516008635,-0.05837779856576522,0.009177464904569471,-0.9964168657602845
1732315512.6192544,-0.7622130093618456,0.31981006060756867,0.6836613015308579,0.060429242936594685,-0.05702914370610151,0.01155884072492136,-0.9964749753838511
1732315512.7132802,-0.7434753595990191,0.31688171935401455,0.6833320009492851,0.06198989464896204,-0.05594566697892167,0.013758515062305327,-0.9964125845099836
1732315512.8256466,-0.7252023663018807,0.3193602143401133,0.6767467550177919,0.06114519520617365,-0.058141783761641634,0.01761728558297368,-0.9962782890998836
1732315512.9150202,-0.708162150414787,0.321814508118595,0.65896248693379,0.06270312267909806,-0.05878944162808042,0.02136188602359934,-0.9960701731222315
1732315513.0145707,-0.6807740924479262,0.3192435104690903,0.6601932996372515,0.06008681642832098,-0.06283403936310039,0.025361856994144005,-0.9958906738179253
1732315513.1132915,-0.6503494288600784,0.3174790574880766,0.6438310387824693,0.05858229777975066,-0.06080748577628428,0.027388040291832588,-0.9960524380313872
1732315513.2113914,-0.6117766660608632,0.31558992811568,0.6128281647193283,0.0610090299766598,-0.06790676396392363,0.02682522371692264,-0.9954631972306545
1732315513.3069034,-0.5643057454866058,0.30379189204167556,0.6098848070688945,0.05987219332063684,-0.07306467074899009,0.026385894856753883,-0.9951787070204073
1732315513.4125812,-0.5007684551392879,0.29485172111704516,0.6067734987845448,0.05834748271335827,-0.07520750069538022,0.02591335103095227,-0.9951220534876101
1732315513.530316,-0.43629853143231667,0.2782495369638833,0.5928465550473909,0.0555115396639026,-0.07279981034330793,0.02195838272484915,-0.9955583790040199
1732315513.6324449,-0.3376212476720637,0.2606814006335183,0.6251677012257186,0.04911763099801736,-0.07018396814985214,0.022092941308270053,-0.9960790987080862
1732315513.721079,-0.2602219726263373,0.24993575233111542,0.5988865624441342,0.04964988575640547,-0.06920303117473718,0.024684167661611828,-0.9960605007660616
1732315513.8289838,-0.16762012647409819,0.23775208392433544,0.5921702556532029,0.05317350564908124,-0.0658054142354498,0.03277359878668756,-0.9958755529561594
1732315513.9263577,-0.08552486008795501,0.2171616772624816,0.5748657272539397,0.05569329400296766,-0.06104596115989654,0.0418001083460276,-0.995702967039017
1732315514.038924,0.015614919163016161,0.205418082253233,0.5830007492458105,0.0603315099229369,-0.06022316661623838,0.05407272570517721,-0.9948916621656954
