rosbagTimestamp,header,seq,stamp,secs,nsecs,frame_id,pose,position,x,y,z,orientation,x,y,z,w
1624528739906598582,,32,,1624528739,907069921,'',,,3.29,2.15,2.11,,0.0,0.0,0.0,1.0
1624528739997481899,,33,,1624528740,7009983,'',,,3.29,2.15,2.1,,0.0,0.0,0.0,1.0
1624528740118983338,,34,,1624528740,107004880,'',,,3.28,2.15,2.05,,0.0,0.0,0.0,1.0
1624528740199442788,,35,,1624528740,206990957,'',,,3.28,2.14,2.08,,0.0,0.0,0.0,1.0
1624528740299997133,,36,,1624528740,306854963,'',,,3.27,2.13,1.82,,0.0,0.0,0.0,1.0
1624528740400571896,,37,,1624528740,406877040,'',,,3.27,2.13,1.89,,0.0,0.0,0.0,1.0
1624528740501972408,,38,,1624528740,507483005,'',,,3.27,2.13,1.94,,0.0,0.0,0.0,1.0
1624528740602839296,,39,,1624528740,606888055,'',,,3.28,2.14,2.0,,0.0,0.0,0.0,1.0
1624528740703541458,,40,,1624528740,707264900,'',,,3.28,2.15,2.05,,0.0,0.0,0.0,1.0
1624528740804323637,,41,,1624528740,806797981,'',,,3.28,2.14,2.1,,0.0,0.0,0.0,1.0
1624528740904999759,,42,,1624528740,908087015,'',,,3.29,2.14,2.08,,0.0,0.0,0.0,1.0
1624528740998313950,,43,,1624528741,7086038,'',,,3.28,2.13,2.11,,0.0,0.0,0.0,1.0
1624528741098973594,,44,,1624528741,107081890,'',,,3.28,2.14,2.15,,0.0,0.0,0.0,1.0
1624528741199931784,,45,,1624528741,207267999,'',,,3.27,2.13,2.16,,0.0,0.0,0.0,1.0
1624528741300474212,,46,,1624528741,307101964,'',,,3.27,2.13,2.17,,0.0,0.0,0.0,1.0
1624528741400990102,,47,,1624528741,406889915,'',,,3.22,2.11,1.88,,0.0,0.0,0.0,1.0
1624528741502187530,,48,,1624528741,507575035,'',,,3.22,2.12,1.96,,0.0,0.0,0.0,1.0
1624528741603216730,,49,,1624528741,606622934,'',,,3.18,2.12,1.75,,0.0,0.0,0.0,1.0
1624528741704021323,,50,,1624528741,707071065,'',,,3.17,2.12,1.58,,0.0,0.0,0.0,1.0
1624528741805558859,,51,,1624528741,806991100,'',,,3.16,2.12,1.73,,0.0,0.0,0.0,1.0
1624528741906358507,,52,,1624528741,906989097,'',,,3.13,2.12,1.84,,0.0,0.0,0.0,1.0
1624528742007567673,,53,,1624528742,6800889,'',,,3.11,2.14,1.98,,0.0,0.0,0.0,1.0
1624528742098056121,,54,,1624528742,107244968,'',,,3.08,2.15,2.1,,0.0,0.0,0.0,1.0
1624528742198804658,,55,,1624528742,207381963,'',,,3.05,2.14,1.88,,0.0,0.0,0.0,1.0
1624528742299389933,,56,,1624528742,307318925,'',,,3.02,2.15,1.63,,0.0,0.0,0.0,1.0
1624528742399971135,,57,,1624528742,407509088,'',,,2.99,2.13,1.56,,0.0,0.0,0.0,1.0
1624528742505325114,,58,,1624528742,507150888,'',,,2.94,2.13,1.47,,0.0,0.0,0.0,1.0
1624528742605849710,,59,,1624528742,607342004,'',,,2.87,2.12,1.36,,0.0,0.0,0.0,1.0
1624528742708183900,,60,,1624528742,707379102,'',,,2.82,2.13,1.27,,0.0,0.0,0.0,1.0
1624528742798871334,,61,,1624528742,807183980,'',,,2.77,2.13,1.25,,0.0,0.0,0.0,1.0
1624528742910927199,,62,,1624528742,907354116,'',,,2.74,2.13,1.45,,0.0,0.0,0.0,1.0
1624528743002152748,,63,,1624528743,8137941,'',,,2.68,2.13,1.4,,0.0,0.0,0.0,1.0
1624528743102721025,,64,,1624528743,107383012,'',,,2.61,2.12,1.34,,0.0,0.0,0.0,1.0
1624528743203391933,,65,,1624528743,207256078,'',,,2.55,2.11,1.24,,0.0,0.0,0.0,1.0
1624528743304728805,,66,,1624528743,306910991,'',,,2.48,2.1,1.2,,0.0,0.0,0.0,1.0
1624528743405265850,,67,,1624528743,406905889,'',,,2.41,2.08,1.12,,0.0,0.0,0.0,1.0
1624528743506326768,,68,,1624528743,507071971,'',,,2.34,2.08,1.0,,0.0,0.0,0.0,1.0
1624528743597092162,,69,,1624528743,602027893,'',,,2.27,2.06,0.99,,0.0,0.0,0.0,1.0
1624528743699727472,,70,,1624528743,706849098,'',,,2.23,2.06,1.3,,0.0,0.0,0.0,1.0
1624528743800954000,,71,,1624528743,807637929,'',,,2.18,2.05,1.57,,0.0,0.0,0.0,1.0
1624528743901593473,,72,,1624528743,906873941,'',,,2.08,2.04,1.39,,0.0,0.0,0.0,1.0
1624528744004639198,,73,,1624528744,6875038,'',,,2.02,2.03,1.27,,0.0,0.0,0.0,1.0
1624528744105248673,,74,,1624528744,106892108,'',,,1.95,2.04,1.18,,0.0,0.0,0.0,1.0
1624528744206690162,,75,,1624528744,206968069,'',,,1.86,2.04,1.1,,0.0,0.0,0.0,1.0
1624528744297654731,,76,,1624528744,306750059,'',,,1.8,2.04,1.07,,0.0,0.0,0.0,1.0
1624528744398547093,,77,,1624528744,407004117,'',,,1.74,2.03,1.02,,0.0,0.0,0.0,1.0
1624528744499200772,,78,,1624528744,507497072,'',,,1.65,2.07,0.94,,0.0,0.0,0.0,1.0
1624528744599961642,,79,,1624528744,607805013,'',,,1.58,2.09,0.92,,0.0,0.0,0.0,1.0
1624528744691702193,,80,,1624528744,701618909,'',,,1.52,2.07,0.94,,0.0,0.0,0.0,1.0
1624528744804210051,,81,,1624528744,807260990,'',,,1.46,2.06,0.97,,0.0,0.0,0.0,1.0
1624528744904852514,,82,,1624528744,908092021,'',,,1.37,2.05,0.95,,0.0,0.0,0.0,1.0
1624528744998010774,,83,,1624528745,7261037,'',,,1.31,2.04,0.92,,0.0,0.0,0.0,1.0
1624528745098662724,,84,,1624528745,106807947,'',,,1.25,2.03,0.93,,0.0,0.0,0.0,1.0
1624528745199856970,,85,,1624528745,206732988,'',,,1.16,2.01,0.93,,0.0,0.0,0.0,1.0
1624528745300723867,,86,,1624528745,306741952,'',,,1.08,2.0,0.95,,0.0,0.0,0.0,1.0
1624528745401228647,,87,,1624528745,406804084,'',,,1.0,1.99,0.95,,0.0,0.0,0.0,1.0
1624528745502602697,,88,,1624528745,508008956,'',,,0.93,1.98,0.94,,0.0,0.0,0.0,1.0
1624528745597897643,,89,,1624528745,606751918,'',,,0.85,1.98,0.97,,0.0,0.0,0.0,1.0
1624528745698521112,,90,,1624528745,706810951,'',,,0.81,1.97,1.34,,0.0,0.0,0.0,1.0
1624528745799169291,,91,,1624528745,806830883,'',,,0.74,1.97,1.3,,0.0,0.0,0.0,1.0
1624528745899642847,,92,,1624528745,907198905,'',,,0.66,1.98,1.3,,0.0,0.0,0.0,1.0
1624528746000285901,,93,,1624528746,6583929,'',,,0.57,1.99,1.27,,0.0,0.0,0.0,1.0
1624528746100870632,,94,,1624528746,107220888,'',,,0.5,2.0,1.23,,0.0,0.0,0.0,1.0
1624528746201592592,,95,,1624528746,207606077,'',,,0.44,1.99,1.21,,0.0,0.0,0.0,1.0
1624528746302969310,,96,,1624528746,306929111,'',,,0.36,1.99,1.21,,0.0,0.0,0.0,1.0
1624528746403599572,,97,,1624528746,407268047,'',,,0.26,2.0,1.13,,0.0,0.0,0.0,1.0
1624528746504165569,,98,,1624528746,506859064,'',,,0.2,1.99,1.15,,0.0,0.0,0.0,1.0
1624528746604857151,,99,,1624528746,607074975,'',,,0.11,2.0,1.09,,0.0,0.0,0.0,1.0
1624528746705465879,,100,,1624528746,707801103,'',,,0.07,1.98,1.1,,0.0,0.0,0.0,1.0
1624528746806785123,,101,,1624528746,806684970,'',,,0.02,1.96,1.09,,0.0,0.0,0.0,1.0
1624528746897707886,,102,,1624528746,907027006,'',,,-0.04,1.94,1.1,,0.0,0.0,0.0,1.0
1624528746998356325,,103,,1624528747,7487058,'',,,-0.17,1.98,1.08,,0.0,0.0,0.0,1.0
1624528747100804221,,104,,1624528747,106825113,'',,,-0.24,1.96,1.07,,0.0,0.0,0.0,1.0
1624528747201413948,,105,,1624528747,208340883,'',,,-0.35,1.98,1.07,,0.0,0.0,0.0,1.0
1624528747302088139,,106,,1624528747,307917118,'',,,-0.5,2.03,1.11,,0.0,0.0,0.0,1.0
1624528747405281210,,107,,1624528747,407464981,'',,,-0.59,2.03,1.06,,0.0,0.0,0.0,1.0
1624528747506307766,,108,,1624528747,507687091,'',,,-0.69,2.06,1.26,,0.0,0.0,0.0,1.0
1624528747607309481,,109,,1624528747,607492923,'',,,-0.76,2.06,1.25,,0.0,0.0,0.0,1.0
1624528747698204612,,110,,1624528747,706676006,'',,,-0.78,2.03,1.25,,0.0,0.0,0.0,1.0
1624528747801701873,,111,,1624528747,806824922,'',,,-0.79,2.01,1.48,,0.0,0.0,0.0,1.0
1624528747902445884,,112,,1624528747,907325029,'',,,-0.83,1.99,1.46,,0.0,0.0,0.0,1.0
1624528748002971777,,113,,1624528748,7123947,'',,,-0.86,1.97,1.67,,0.0,0.0,0.0,1.0
1624528748097323318,,114,,1624528748,107009887,'',,,-0.91,1.95,1.53,,0.0,0.0,0.0,1.0
1624528748201657254,,115,,1624528748,206727027,'',,,-0.98,1.94,1.47,,0.0,0.0,0.0,1.0
1624528748305846746,,116,,1624528748,307117938,'',,,-1.04,1.93,1.4,,0.0,0.0,0.0,1.0
1624528748406956545,,117,,1624528748,408386945,'',,,-1.23,2.01,1.51,,0.0,0.0,0.0,1.0
1624528748507967344,,118,,1624528748,508965969,'',,,-1.25,1.97,1.38,,0.0,0.0,0.0,1.0
1624528748599870089,,119,,1624528748,608341932,'',,,-1.27,1.95,1.3,,0.0,0.0,0.0,1.0
1624528748700472380,,120,,1624528748,706701993,'',,,-1.33,1.95,1.27,,0.0,0.0,0.0,1.0
1624528748801455840,,121,,1624528748,808372020,'',,,-1.36,1.93,1.19,,0.0,0.0,0.0,1.0
1624528748902040855,,122,,1624528748,910291910,'',,,-1.39,1.91,1.1,,0.0,0.0,0.0,1.0
1624528749002867777,,123,,1624528749,8961915,'',,,-1.43,1.89,1.04,,0.0,0.0,0.0,1.0
1624528749103728922,,124,,1624528749,107811927,'',,,-1.48,1.89,0.98,,0.0,0.0,0.0,1.0
1624528749204540846,,125,,1624528749,207360982,'',,,-1.53,1.89,0.9,,0.0,0.0,0.0,1.0
1624528749305191646,,126,,1624528749,308125019,'',,,-1.59,1.9,0.9,,0.0,0.0,0.0,1.0
1624528749405847711,,127,,1624528749,406764030,'',,,-1.66,1.9,0.89,,0.0,0.0,0.0,1.0
1624528749498470748,,128,,1624528749,508100032,'',,,-1.86,2.0,1.09,,0.0,0.0,0.0,1.0
1624528749599037035,,129,,1624528749,606821060,'',,,-1.9,1.99,1.01,,0.0,0.0,0.0,1.0
1624528749709735901,,130,,1624528749,710005044,'',,,-1.96,1.98,1.04,,0.0,0.0,0.0,1.0
1624528749804312782,,131,,1624528749,809932947,'',,,-2.02,1.97,1.04,,0.0,0.0,0.0,1.0
1624528749904890050,,132,,1624528749,909962892,'',,,-2.05,1.93,0.94,,0.0,0.0,0.0,1.0
1624528750005656401,,133,,1624528750,9569883,'',,,-2.1,1.92,0.91,,0.0,0.0,0.0,1.0
1624528750107727960,,134,,1624528750,109649896,'',,,-2.14,1.91,0.84,,0.0,0.0,0.0,1.0
1624528750199744287,,135,,1624528750,209260940,'',,,-2.23,1.92,0.88,,0.0,0.0,0.0,1.0
1624528750305739113,,136,,1624528750,309998035,'',,,-2.3,1.93,0.89,,0.0,0.0,0.0,1.0
1624528750406758871,,137,,1624528750,409868955,'',,,-2.35,1.91,0.8,,0.0,0.0,0.0,1.0
1624528750507336891,,138,,1624528750,508676052,'',,,-2.4,1.9,0.72,,0.0,0.0,0.0,1.0
1624528750608272410,,139,,1624528750,611558914,'',,,-2.48,1.91,0.79,,0.0,0.0,0.0,1.0
1624528750698833805,,140,,1624528750,708394050,'',,,-2.57,1.91,0.83,,0.0,0.0,0.0,1.0
1624528750809480587,,141,,1624528750,810194015,'',,,-2.66,1.92,1.03,,0.0,0.0,0.0,1.0
1624528750904562957,,142,,1624528750,908478021,'',,,-2.74,1.92,1.02,,0.0,0.0,0.0,1.0
1624528751005209382,,143,,1624528751,8332014,'',,,-2.8,1.91,0.97,,0.0,0.0,0.0,1.0
1624528751096755514,,144,,1624528751,102488040,'',,,-2.87,1.91,0.93,,0.0,0.0,0.0,1.0
1624528751197491552,,145,,1624528751,207144975,'',,,-2.94,1.9,0.88,,0.0,0.0,0.0,1.0
1624528751298591684,,146,,1624528751,306869983,'',,,-3.01,1.9,0.86,,0.0,0.0,0.0,1.0
1624528751399585419,,147,,1624528751,407058954,'',,,-3.06,1.91,0.78,,0.0,0.0,0.0,1.0
1624528751500627330,,148,,1624528751,506964921,'',,,-3.15,1.91,1.17,,0.0,0.0,0.0,1.0
1624528751606590281,,149,,1624528751,609878063,'',,,-3.21,1.91,1.11,,0.0,0.0,0.0,1.0
1624528751707308585,,150,,1624528751,708872079,'',,,-3.3,1.91,1.1,,0.0,0.0,0.0,1.0
1624528751808010505,,151,,1624528751,808773040,'',,,-3.38,1.92,1.11,,0.0,0.0,0.0,1.0
1624528751899439909,,152,,1624528751,907557964,'',,,-3.45,1.92,1.1,,0.0,0.0,0.0,1.0
1624528752001461293,,153,,1624528752,7710933,'',,,-3.52,1.94,1.06,,0.0,0.0,0.0,1.0
1624528752106155725,,154,,1624528752,107018947,'',,,-3.59,1.95,1.0,,0.0,0.0,0.0,1.0
1624528752207831383,,155,,1624528752,209177017,'',,,-3.65,1.96,0.92,,0.0,0.0,0.0,1.0
1624528752308590598,,156,,1624528752,308473110,'',,,-3.75,1.98,1.12,,0.0,0.0,0.0,1.0
1624528752409304651,,157,,1624528752,411205053,'',,,-3.8,1.95,1.0,,0.0,0.0,0.0,1.0
1624528752509876642,,158,,1624528752,511795997,'',,,-3.86,1.96,0.91,,0.0,0.0,0.0,1.0
1624528752600441650,,159,,1624528752,607721090,'',,,-3.93,1.96,0.89,,0.0,0.0,0.0,1.0
1624528752701135629,,160,,1624528752,708982944,'',,,-3.99,1.97,0.77,,0.0,0.0,0.0,1.0
1624528752811876452,,161,,1624528752,812088012,'',,,-4.06,1.97,0.78,,0.0,0.0,0.0,1.0
1624528752902490491,,162,,1624528752,911463975,'',,,-4.12,1.95,0.71,,0.0,0.0,0.0,1.0
1624528753002740704,,163,,1624528753,9962081,'',,,-4.17,1.95,0.62,,0.0,0.0,0.0,1.0
1624528753113412201,,164,,1624528753,111907005,'',,,-4.25,1.96,0.63,,0.0,0.0,0.0,1.0
1624528753205147771,,165,,1624528753,211796045,'',,,-4.31,1.95,0.55,,0.0,0.0,0.0,1.0
1624528753300224739,,166,,1624528753,309273004,'',,,-4.37,1.93,0.47,,0.0,0.0,0.0,1.0
1624528753400856712,,167,,1624528753,409249067,'',,,-4.4,1.93,0.36,,0.0,0.0,0.0,1.0
1624528753511485370,,168,,1624528753,512052059,'',,,-4.48,1.92,0.38,,0.0,0.0,0.0,1.0
1624528753602096845,,169,,1624528753,611784934,'',,,-4.53,1.89,0.29,,0.0,0.0,0.0,1.0
1624528753706588650,,170,,1624528753,711714982,'',,,-4.61,1.88,0.34,,0.0,0.0,0.0,1.0
1624528753807939453,,171,,1624528753,811773061,'',,,-4.68,1.88,0.35,,0.0,0.0,0.0,1.0
1624528753908444747,,172,,1624528753,912559032,'',,,-4.76,1.89,0.43,,0.0,0.0,0.0,1.0
1624528754009964477,,173,,1624528754,12868881,'',,,-4.85,1.91,0.66,,0.0,0.0,0.0,1.0
1624528754110641109,,174,,1624528754,112097978,'',,,-4.94,1.92,0.73,,0.0,0.0,0.0,1.0
1624528754211407429,,175,,1624528754,211186885,'',,,-5.02,1.94,0.88,,0.0,0.0,0.0,1.0
1624528754306618536,,176,,1624528754,307145118,'',,,-5.08,1.98,0.83,,0.0,0.0,0.0,1.0
1624528754407640373,,177,,1624528754,410706996,'',,,-5.15,1.99,0.77,,0.0,0.0,0.0,1.0
1624528754498625751,,178,,1624528754,509319067,'',,,-5.18,2.0,0.6,,0.0,0.0,0.0,1.0
1624528754601701937,,179,,1624528754,609608888,'',,,-5.24,1.98,0.49,,0.0,0.0,0.0,1.0
1624528754703391208,,180,,1624528754,710112094,'',,,-5.3,1.97,0.43,,0.0,0.0,0.0,1.0
1624528754804069975,,181,,1624528754,813054084,'',,,-5.37,1.95,0.38,,0.0,0.0,0.0,1.0
1624528754905739594,,182,,1624528754,912609100,'',,,-5.44,1.9,0.37,,0.0,0.0,0.0,1.0
1624528755006426702,,183,,1624528755,8240938,'',,,-5.5,1.89,0.35,,0.0,0.0,0.0,1.0
1624528755107359859,,184,,1624528755,112550020,'',,,-5.55,1.84,0.28,,0.0,0.0,0.0,1.0
1624528755208186455,,185,,1624528755,212798118,'',,,-5.65,1.84,0.43,,0.0,0.0,0.0,1.0
1624528755311192719,,186,,1624528755,312320947,'',,,-5.72,1.82,0.41,,0.0,0.0,0.0,1.0
1624528755402088107,,187,,1624528755,406945943,'',,,-5.78,1.8,0.29,,0.0,0.0,0.0,1.0
1624528755502846283,,188,,1624528755,511946916,'',,,-5.84,1.8,0.25,,0.0,0.0,0.0,1.0
1624528755603536476,,189,,1624528755,611212968,'',,,-5.92,1.84,0.26,,0.0,0.0,0.0,1.0
1624528755704161252,,190,,1624528755,711796998,'',,,-6.01,1.87,0.39,,0.0,0.0,0.0,1.0
1624528755810544700,,191,,1624528755,811706066,'',,,-6.09,1.87,0.41,,0.0,0.0,0.0,1.0
1624528755911081420,,192,,1624528755,912482976,'',,,-6.19,1.9,0.74,,0.0,0.0,0.0,1.0
1624528756002951460,,193,,1624528756,11539936,'',,,-6.26,1.92,0.71,,0.0,0.0,0.0,1.0
1624528756108192742,,194,,1624528756,113810062,'',,,-6.31,1.91,0.55,,0.0,0.0,0.0,1.0
1624528756208852598,,195,,1624528756,212584972,'',,,-6.38,1.96,0.59,,0.0,0.0,0.0,1.0
1624528756311066411,,196,,1624528756,312169075,'',,,-6.46,1.98,0.76,,0.0,0.0,0.0,1.0
1624528756406215321,,197,,1624528756,411700010,'',,,-6.53,1.99,0.73,,0.0,0.0,0.0,1.0
1624528756496668659,,198,,1624528756,504219055,'',,,-6.6,1.99,0.79,,0.0,0.0,0.0,1.0
1624528756607475520,,199,,1624528756,611668109,'',,,-6.67,1.99,0.79,,0.0,0.0,0.0,1.0
1624528756708090640,,200,,1624528756,711828947,'',,,-6.75,1.94,1.16,,0.0,0.0,0.0,1.0
1624528756808668496,,201,,1624528756,811855077,'',,,-6.84,1.93,1.33,,0.0,0.0,0.0,1.0
1624528756909243711,,202,,1624528756,912002086,'',,,-6.89,1.92,1.05,,0.0,0.0,0.0,1.0
1624528757010316387,,203,,1624528757,11755943,'',,,-6.96,1.88,0.98,,0.0,0.0,0.0,1.0
1624528757100884575,,204,,1624528757,111968040,'',,,-7.03,1.88,0.99,,0.0,0.0,0.0,1.0
1624528757201501992,,205,,1624528757,202258110,'',,,-7.1,1.88,0.84,,0.0,0.0,0.0,1.0
1624528757302737125,,206,,1624528757,312241077,'',,,-7.14,1.88,0.62,,0.0,0.0,0.0,1.0
1624528757406870552,,207,,1624528757,412121057,'',,,-7.23,1.88,0.78,,0.0,0.0,0.0,1.0
1624528757509343628,,208,,1624528757,511868000,'',,,-7.3,1.87,0.68,,0.0,0.0,0.0,1.0
1624528757610044021,,209,,1624528757,610882043,'',,,-7.37,1.9,0.61,,0.0,0.0,0.0,1.0
1624528757711465663,,210,,1624528757,711880922,'',,,-7.46,1.93,0.76,,0.0,0.0,0.0,1.0
1624528757805600860,,211,,1624528757,813469886,'',,,-7.52,1.91,0.57,,0.0,0.0,0.0,1.0
1624528757906896902,,212,,1624528757,912446975,'',,,-7.56,1.91,0.39,,0.0,0.0,0.0,1.0
1624528758010800642,,213,,1624528758,11975049,'',,,-7.66,1.95,0.48,,0.0,0.0,0.0,1.0
1624528758111436147,,214,,1624528758,111782073,'',,,-7.73,1.94,0.48,,0.0,0.0,0.0,1.0
1624528758212309445,,215,,1624528758,212598085,'',,,-7.8,1.94,0.45,,0.0,0.0,0.0,1.0
1624528758303751377,,216,,1624528758,311695098,'',,,-7.86,1.91,0.41,,0.0,0.0,0.0,1.0
1624528758404531936,,217,,1624528758,412565946,'',,,-7.95,1.94,0.49,,0.0,0.0,0.0,1.0
1624528758505520704,,218,,1624528758,511791944,'',,,-8.01,1.93,0.37,,0.0,0.0,0.0,1.0
1624528758597506556,,219,,1624528758,602202892,'',,,-8.08,1.95,0.34,,0.0,0.0,0.0,1.0
1624528758708150318,,220,,1624528758,711951971,'',,,-8.14,1.99,0.28,,0.0,0.0,0.0,1.0
1624528758810517616,,221,,1624528758,811573028,'',,,-8.22,2.0,0.39,,0.0,0.0,0.0,1.0
1624528758911093149,,222,,1624528758,914824962,'',,,-8.32,1.99,0.78,,0.0,0.0,0.0,1.0
1624528759011677547,,223,,1624528759,14060974,'',,,-8.4,2.05,1.26,,0.0,0.0,0.0,1.0
1624528759102486867,,224,,1624528759,111788034,'',,,-8.48,2.1,1.32,,0.0,0.0,0.0,1.0
1624528759204849639,,225,,1624528759,212577104,'',,,-8.54,2.14,1.37,,0.0,0.0,0.0,1.0
1624528759305439444,,226,,1624528759,311822891,'',,,-8.59,2.13,1.13,,0.0,0.0,0.0,1.0
1624528759407663509,,227,,1624528759,411859989,'',,,-8.66,2.15,1.04,,0.0,0.0,0.0,1.0
1624528759504961460,,228,,1624528759,514291048,'',,,-8.73,2.14,1.16,,0.0,0.0,0.0,1.0
1624528759807086273,,229,,1624528759,811796903,'',,,-8.83,2.11,1.29,,0.0,0.0,0.0,1.0
1624528759908529609,,230,,1624528759,915199041,'',,,-8.95,2.15,1.59,,0.0,0.0,0.0,1.0
1624528760009146542,,231,,1624528760,11910915,'',,,-9.03,2.16,1.43,,0.0,0.0,0.0,1.0
1624528760109752910,,232,,1624528760,112354040,'',,,-9.12,2.15,1.42,,0.0,0.0,0.0,1.0
1624528760210279645,,233,,1624528760,212372064,'',,,-9.18,2.11,1.12,,0.0,0.0,0.0,1.0
1624528760310917785,,234,,1624528760,312406063,'',,,-9.27,2.11,1.09,,0.0,0.0,0.0,1.0
1624528760503745976,,235,,1624528760,512171983,'',,,-9.37,2.11,1.19,,0.0,0.0,0.0,1.0
1624528760604396894,,236,,1624528760,612027883,'',,,-9.47,2.04,1.18,,0.0,0.0,0.0,1.0
1624528760706032068,,237,,1624528760,715184926,'',,,-9.57,2.13,1.6,,0.0,0.0,0.0,1.0
1624528760807887441,,238,,1624528760,812257051,'',,,-9.64,2.1,1.38,,0.0,0.0,0.0,1.0
1624528760908455535,,239,,1624528760,912301063,'',,,-9.72,2.09,1.19,,0.0,0.0,0.0,1.0
1624528761011870751,,240,,1624528761,12366056,'',,,-9.79,2.06,1.04,,0.0,0.0,0.0,1.0
1624528761102472300,,241,,1624528761,112845897,'',,,-9.85,2.07,0.88,,0.0,0.0,0.0,1.0
1624528761213512072,,242,,1624528761,214678049,'',,,-9.94,2.09,1.18,,0.0,0.0,0.0,1.0
1624528761309286235,,243,,1624528761,312397956,'',,,-9.99,2.11,0.87,,0.0,0.0,0.0,1.0
1624528761411723471,,244,,1624528761,411533117,'',,,-10.08,2.11,0.99,,0.0,0.0,0.0,1.0
1624528761512375090,,245,,1624528761,512415885,'',,,-10.12,2.07,0.72,,0.0,0.0,0.0,1.0
1624528761603701993,,246,,1624528761,612574100,'',,,-10.19,2.06,0.65,,0.0,0.0,0.0,1.0
1624528761704420598,,247,,1624528761,712547063,'',,,-10.26,2.07,0.54,,0.0,0.0,0.0,1.0
1624528761804953700,,248,,1624528761,812355995,'',,,-10.33,2.03,0.44,,0.0,0.0,0.0,1.0
1624528762007239922,,249,,1624528762,12418985,'',,,-10.39,2.03,0.22,,0.0,0.0,0.0,1.0
1624528762108911676,,250,,1624528762,112318992,'',,,-10.5,2.03,0.39,,0.0,0.0,0.0,1.0
1624528762211026779,,251,,1624528762,212285995,'',,,-10.57,1.99,0.31,,0.0,0.0,0.0,1.0
1624528762306951185,,252,,1624528762,312194108,'',,,-10.62,2.01,0.14,,0.0,0.0,0.0,1.0
1624528762407733042,,253,,1624528762,413230895,'',,,-10.71,2.0,0.2,,0.0,0.0,0.0,1.0
1624528762508945684,,254,,1624528762,512422084,'',,,-10.8,2.07,0.36,,0.0,0.0,0.0,1.0
1624528762609636536,,255,,1624528762,612534046,'',,,-10.9,2.16,0.76,,0.0,0.0,0.0,1.0
1624528762710161058,,256,,1624528762,712476968,'',,,-10.99,2.24,1.01,,0.0,0.0,0.0,1.0
1624528762810708373,,257,,1624528762,812664985,'',,,-11.07,2.25,1.14,,0.0,0.0,0.0,1.0
1624528762911564883,,258,,1624528762,913068056,'',,,-11.14,2.26,1.37,,0.0,0.0,0.0,1.0
1624528763104399349,,259,,1624528763,112790107,'',,,-11.22,2.21,1.79,,0.0,0.0,0.0,1.0
1624528763205024526,,260,,1624528763,212682008,'',,,-11.29,2.12,1.44,,0.0,0.0,0.0,1.0
1624528763305723285,,261,,1624528763,313647985,'',,,-11.36,2.06,1.24,,0.0,0.0,0.0,1.0
1624528763406662684,,262,,1624528763,412775993,'',,,-11.44,2.04,1.12,,0.0,0.0,0.0,1.0
1624528763507419865,,263,,1624528763,512007951,'',,,-11.51,2.0,0.93,,0.0,0.0,0.0,1.0
1624528763598042600,,264,,1624528763,602855920,'',,,-11.56,1.96,0.7,,0.0,0.0,0.0,1.0
1624528763708759918,,265,,1624528763,714564085,'',,,-11.67,2.06,1.02,,0.0,0.0,0.0,1.0
1624528763809279355,,266,,1624528763,811933040,'',,,-11.73,2.02,0.86,,0.0,0.0,0.0,1.0
1624528764010764258,,267,,1624528764,12357950,'',,,-11.8,2.02,0.66,,0.0,0.0,0.0,1.0
1624528764111950548,,268,,1624528764,112884998,'',,,-11.89,1.96,0.67,,0.0,0.0,0.0,1.0
1624528764212539685,,269,,1624528764,212860107,'',,,-11.98,1.97,0.81,,0.0,0.0,0.0,1.0
1624528764303201905,,270,,1624528764,312551975,'',,,-12.04,1.98,0.56,,0.0,0.0,0.0,1.0
1624528764413797080,,271,,1624528764,412636041,'',,,-12.13,2.04,0.62,,0.0,0.0,0.0,1.0
1624528764504284166,,272,,1624528764,512341022,'',,,-12.16,2.06,0.26,,0.0,0.0,0.0,1.0
1624528764607581056,,273,,1624528764,612657070,'',,,-12.23,2.08,0.19,,0.0,0.0,0.0,1.0
1624528764708245202,,274,,1624528764,712507009,'',,,-12.32,2.11,0.24,,0.0,0.0,0.0,1.0
1624528764808770304,,275,,1624528764,812175035,'',,,-12.36,2.11,0.03,,0.0,0.0,0.0,1.0
1624528764909395768,,276,,1624528764,911933898,'',,,-12.46,2.14,0.27,,0.0,0.0,0.0,1.0
1624528765000500818,,277,,1624528765,2465009,'',,,-12.53,2.14,0.31,,0.0,0.0,0.0,1.0
1624528765111418188,,278,,1624528765,112473011,'',,,-12.61,2.1,0.36,,0.0,0.0,0.0,1.0
1624528765202799630,,279,,1624528765,212142944,'',,,-12.69,2.1,0.41,,0.0,0.0,0.0,1.0
1624528765293325357,,280,,1624528765,302609920,'',,,-12.78,2.07,0.57,,0.0,0.0,0.0,1.0
1624528765404040775,,281,,1624528765,412997961,'',,,-12.83,2.05,0.36,,0.0,0.0,0.0,1.0
1624528765507709917,,282,,1624528765,511923074,'',,,-12.91,2.05,0.44,,0.0,0.0,0.0,1.0
1624528765608466615,,283,,1624528765,613012075,'',,,-13.0,2.11,0.68,,0.0,0.0,0.0,1.0
1624528765711116150,,284,,1624528765,712668895,'',,,-13.06,2.07,0.53,,0.0,0.0,0.0,1.0
1624528765812351973,,285,,1624528765,815169095,'',,,-13.16,2.17,0.92,,0.0,0.0,0.0,1.0
1624528765904064444,,286,,1624528765,912842988,'',,,-13.22,2.07,0.87,,0.0,0.0,0.0,1.0
1624528766004519002,,287,,1624528766,12207031,'',,,-13.29,2.05,1.14,,0.0,0.0,0.0,1.0
1624528766105183101,,288,,1624528766,112270116,'',,,-13.34,1.96,0.92,,0.0,0.0,0.0,1.0
1624528766196105690,,289,,1624528766,203142881,'',,,-13.43,2.08,0.85,,0.0,0.0,0.0,1.0
1624528766306620720,,290,,1624528766,312489032,'',,,-13.51,2.05,0.84,,0.0,0.0,0.0,1.0
1624528766408419194,,291,,1624528766,412384986,'',,,-13.57,2.01,0.76,,0.0,0.0,0.0,1.0
1624528766512750028,,292,,1624528766,512574911,'',,,-13.64,2.1,0.66,,0.0,0.0,0.0,1.0
1624528766613761722,,293,,1624528766,614835023,'',,,-13.72,2.2,1.26,,0.0,0.0,0.0,1.0
1624528766715314155,,294,,1624528766,715311050,'',,,-13.78,2.22,0.94,,0.0,0.0,0.0,1.0
1624528766815959737,,295,,1624528766,812989950,'',,,-13.85,2.18,0.76,,0.0,0.0,0.0,1.0
1624528766906679470,,296,,1624528766,912324905,'',,,-13.91,2.25,0.49,,0.0,0.0,0.0,1.0
1624528767111042592,,297,,1624528767,112113952,'',,,-13.98,2.23,0.26,,0.0,0.0,0.0,1.0
1624528767211840261,,298,,1624528767,212318897,'',,,-14.09,2.2,0.67,,0.0,0.0,0.0,1.0
1624528767304169993,,299,,1624528767,307014942,'',,,-14.18,2.25,0.61,,0.0,0.0,0.0,1.0
1624528767404790931,,300,,1624528767,412600994,'',,,-14.26,2.26,0.49,,0.0,0.0,0.0,1.0
1624528767506210150,,301,,1624528767,507522106,'',,,-14.36,2.28,0.74,,0.0,0.0,0.0,1.0
1624528767607014439,,302,,1624528767,607136011,'',,,-14.43,2.31,0.49,,0.0,0.0,0.0,1.0
1624528767697608646,,303,,1624528767,707209110,'',,,-14.46,2.31,1.56,,0.0,0.0,0.0,1.0
1624528767809864401,,304,,1624528767,812184095,'',,,-14.49,2.27,0.83,,0.0,0.0,0.0,1.0
1624528767902544208,,305,,1624528767,910274028,'',,,-14.6,2.29,0.88,,0.0,0.0,0.0,1.0
1624528768004698273,,306,,1624528768,7309913,'',,,-14.67,2.31,0.54,,0.0,0.0,0.0,1.0
1624528768105304308,,307,,1624528768,112360000,'',,,-14.74,2.28,0.38,,0.0,0.0,0.0,1.0
1624528768206583238,,308,,1624528768,209650039,'',,,-14.78,2.2,0.02,,0.0,0.0,0.0,1.0
1624528768408306908,,309,,1624528768,412385940,'',,,-14.89,2.18,0.04,,0.0,0.0,0.0,1.0
1624528768509383472,,310,,1624528768,513189077,'',,,-14.95,2.13,-0.22,,0.0,0.0,0.0,1.0
1624528768610038705,,311,,1624528768,612334012,'',,,-15.01,2.18,-0.44,,0.0,0.0,0.0,1.0
1624528768702427997,,312,,1624528768,712166070,'',,,-15.09,2.17,-0.56,,0.0,0.0,0.0,1.0
1624528768806269947,,313,,1624528768,813764095,'',,,-15.13,2.13,-0.77,,0.0,0.0,0.0,1.0
1624528768907296936,,314,,1624528768,912195920,'',,,-15.16,2.12,-1.04,,0.0,0.0,0.0,1.0
1624528769007868542,,315,,1624528769,12334108,'',,,-15.22,2.13,-1.17,,0.0,0.0,0.0,1.0
1624528769109344313,,316,,1624528769,113811969,'',,,-15.33,2.17,-1.07,,0.0,0.0,0.0,1.0
1624528769210256456,,317,,1624528769,212167978,'',,,-15.43,2.21,-0.92,,0.0,0.0,0.0,1.0
1624528769310885248,,318,,1624528769,312639951,'',,,-15.54,2.21,-0.48,,0.0,0.0,0.0,1.0
1624528769412308597,,319,,1624528769,413841962,'',,,-15.6,2.21,-0.64,,0.0,0.0,0.0,1.0
1624528769503444976,,320,,1624528769,512294054,'',,,-15.67,2.13,-0.67,,0.0,0.0,0.0,1.0
1624528769604096687,,321,,1624528769,612678050,'',,,-15.68,2.07,-1.01,,0.0,0.0,0.0,1.0
1624528769705150242,,322,,1624528769,712352037,'',,,-15.74,2.06,-1.01,,0.0,0.0,0.0,1.0
1624528769806774794,,323,,1624528769,812290906,'',,,-15.84,2.04,-0.74,,0.0,0.0,0.0,1.0
1624528769897624708,,324,,1624528769,902533054,'',,,-15.95,2.22,-0.62,,0.0,0.0,0.0,1.0
1624528769998157464,,325,,1624528770,3829002,'',,,-16.05,2.27,-0.4,,0.0,0.0,0.0,1.0
1624528770209828323,,326,,1624528770,213205099,'',,,-16.18,2.36,-0.02,,0.0,0.0,0.0,1.0
1624528770310466465,,327,,1624528770,313375949,'',,,-16.25,2.39,-0.27,,0.0,0.0,0.0,1.0
1624528770401055015,,328,,1624528770,407138109,'',,,-16.12,2.65,1.81,,0.0,0.0,0.0,1.0
1624528770501831526,,329,,1624528770,508025884,'',,,-16.24,2.73,1.18,,0.0,0.0,0.0,1.0
1624528770602596090,,330,,1624528770,606954097,'',,,-16.08,2.9,3.0,,0.0,0.0,0.0,1.0
1624528770703236841,,331,,1624528770,708174943,'',,,-15.86,3.05,4.66,,0.0,0.0,0.0,1.0
1624528770806682714,,332,,1624528770,807065963,'',,,-15.8,3.16,5.71,,0.0,0.0,0.0,1.0
1624528770897324733,,333,,1624528770,902776002,'',,,-15.77,3.23,2.98,,0.0,0.0,0.0,1.0
1624528771002696342,,334,,1624528771,3215074,'',,,-15.93,3.27,1.41,,0.0,0.0,0.0,1.0
1624528771093276041,,335,,1624528771,101960897,'',,,-16.12,3.22,0.47,,0.0,0.0,0.0,1.0
1624528771304698052,,336,,1624528771,307493925,'',,,-16.35,3.15,0.03,,0.0,0.0,0.0,1.0
1624528771406194864,,337,,1624528771,409281015,'',,,-16.54,3.16,-0.33,,0.0,0.0,0.0,1.0
1624528771506862346,,338,,1624528771,507755041,'',,,-16.71,3.15,-0.54,,0.0,0.0,0.0,1.0
1624528894875719240,,339,,1624528894,884329080,'',,,-13.61,-1.04,-0.34,,0.0,0.0,0.0,1.0
1624528894976306093,,340,,1624528894,984208106,'',,,-11.37,-4.07,-0.57,,0.0,0.0,0.0,1.0
1624528895082609870,,341,,1624528895,84156990,'',,,-9.7,-6.33,-0.67,,0.0,0.0,0.0,1.0
1624528895183215488,,342,,1624528895,184137105,'',,,-8.44,-8.01,-0.71,,0.0,0.0,0.0,1.0
1624528895283824970,,343,,1624528895,284100055,'',,,-7.46,-9.29,-0.61,,0.0,0.0,0.0,1.0
1624528895384398843,,344,,1624528895,384484052,'',,,-6.7,-10.26,-0.45,,0.0,0.0,0.0,1.0
1624528895576337873,,345,,1624528895,584513902,'',,,-6.12,-10.92,-0.47,,0.0,0.0,0.0,1.0
1624528898583572436,,346,,1624528898,590189933,'',,,-5.36,-11.0,-0.01,,0.0,0.0,0.0,1.0
1624528898681784159,,347,,1624528898,690294027,'',,,-4.85,-11.02,0.07,,0.0,0.0,0.0,1.0
1624528898985043892,,348,,1624528898,990109920,'',,,-4.49,-10.93,-0.15,,0.0,0.0,0.0,1.0
1624528899085726561,,349,,1624528899,90459108,'',,,-4.1,-10.93,0.0,,0.0,0.0,0.0,1.0
1624528899196475454,,350,,1624528899,196413993,'',,,-3.98,-10.77,-0.31,,0.0,0.0,0.0,1.0
1624528899389713017,,351,,1624528899,390669107,'',,,-3.7,-10.78,0.09,,0.0,0.0,0.0,1.0
1624528900187834350,,352,,1624528900,196427106,'',,,-3.41,-10.67,0.5,,0.0,0.0,0.0,1.0
1624528900287875825,,353,,1624528900,296269893,'',,,-3.18,-10.57,0.81,,0.0,0.0,0.0,1.0
1624528900386595516,,354,,1624528900,396373987,'',,,-3.13,-10.41,0.6,,0.0,0.0,0.0,1.0
1624528900497355830,,355,,1624528900,502245903,'',,,-3.14,-10.21,0.25,,0.0,0.0,0.0,1.0
1624528900598228274,,356,,1624528900,602495908,'',,,-3.1,-10.06,-0.04,,0.0,0.0,0.0,1.0
1624528900699659691,,357,,1624528900,702445983,'',,,-3.08,-9.91,-0.29,,0.0,0.0,0.0,1.0
1624528900994034446,,358,,1624528900,996522903,'',,,-2.99,-9.84,-0.17,,0.0,0.0,0.0,1.0
1624528901198062573,,359,,1624528901,207279920,'',,,-2.96,-9.66,-0.38,,0.0,0.0,0.0,1.0
1624528902105309042,,360,,1624528902,112246990,'',,,-2.72,-9.47,-0.33,,0.0,0.0,0.0,1.0
1624528902207187892,,361,,1624528902,208862066,'',,,-2.54,-9.36,0.06,,0.0,0.0,0.0,1.0
1624528902499755745,,362,,1624528902,501956939,'',,,-2.43,-9.21,0.23,,0.0,0.0,0.0,1.0
1624528902711505083,,363,,1624528902,712963104,'',,,-2.22,-9.06,0.22,,0.0,0.0,0.0,1.0
1624528902801908493,,364,,1624528902,802228927,'',,,-2.17,-8.94,0.35,,0.0,0.0,0.0,1.0
1624528902994211999,,365,,1624528903,1930952,'',,,-1.97,-8.82,0.29,,0.0,0.0,0.0,1.0
1624528903104909874,,366,,1624528903,112864971,'',,,-1.8,-8.76,0.84,,0.0,0.0,0.0,1.0
1624528903196159404,,367,,1624528903,201776027,'',,,-1.68,-8.68,0.85,,0.0,0.0,0.0,1.0
1624528903296992884,,368,,1624528903,301687955,'',,,-1.6,-8.57,0.65,,0.0,0.0,0.0,1.0
1624528903394065172,,369,,1624528903,401822090,'',,,-1.52,-8.36,1.73,,0.0,0.0,0.0,1.0
1624528903496025754,,370,,1624528903,501673936,'',,,-1.53,-8.25,1.16,,0.0,0.0,0.0,1.0
1624528903596609019,,371,,1624528903,603483915,'',,,-1.51,-8.18,0.81,,0.0,0.0,0.0,1.0
1624528903697213635,,372,,1624528903,701708078,'',,,-1.5,-8.08,0.43,,0.0,0.0,0.0,1.0
1624528903797911636,,373,,1624528903,801762104,'',,,-1.65,-8.01,0.42,,0.0,0.0,0.0,1.0
1624528903908550022,,374,,1624528903,911911964,'',,,-1.76,-7.86,0.09,,0.0,0.0,0.0,1.0
1624528904009214919,,375,,1624528904,11257886,'',,,-1.86,-7.65,-0.3,,0.0,0.0,0.0,1.0
1624528904103176634,,376,,1624528904,112133026,'',,,-1.95,-7.46,-0.59,,0.0,0.0,0.0,1.0
1624528904197741492,,377,,1624528904,202013015,'',,,-1.86,-7.47,-0.43,,0.0,0.0,0.0,1.0
1624528904308213757,,378,,1624528904,313123941,'',,,-1.91,-7.31,-0.67,,0.0,0.0,0.0,1.0
1624528904408886061,,379,,1624528904,412300109,'',,,-1.95,-7.2,-0.81,,0.0,0.0,0.0,1.0
1624528904499478671,,380,,1624528904,501982927,'',,,-2.02,-6.68,1.13,,0.0,0.0,0.0,1.0
1624528904593803157,,381,,1624528904,601847887,'',,,-2.02,-6.26,2.61,,0.0,0.0,0.0,1.0
1624528904695162144,,382,,1624528904,701792001,'',,,-1.85,-6.51,2.02,,0.0,0.0,0.0,1.0
1624528904806563296,,383,,1624528904,811306953,'',,,-1.8,-6.6,1.31,,0.0,0.0,0.0,1.0
1624528904907167196,,384,,1624528904,912548065,'',,,-1.8,-6.61,0.73,,0.0,0.0,0.0,1.0
1624528905007789061,,385,,1624528905,11672973,'',,,-1.55,-6.79,0.91,,0.0,0.0,0.0,1.0
1624528905108353666,,386,,1624528905,112775087,'',,,-1.36,-6.92,1.21,,0.0,0.0,0.0,1.0
1624528905198847294,,387,,1624528905,201819896,'',,,-1.39,-6.88,0.81,,0.0,0.0,0.0,1.0
1624528905405705304,,388,,1624528905,413126945,'',,,-1.28,-6.92,1.27,,0.0,0.0,0.0,1.0
1624528905496380237,,389,,1624528905,501621007,'',,,-1.23,-6.9,1.08,,0.0,0.0,0.0,1.0
1624528905607184744,,390,,1624528905,610663890,'',,,-1.14,-6.89,1.31,,0.0,0.0,0.0,1.0
1624528905707762579,,391,,1624528905,711675882,'',,,-1.04,-6.89,1.29,,0.0,0.0,0.0,1.0
1624528905808288097,,392,,1624528905,811609983,'',,,-0.98,-6.86,1.36,,0.0,0.0,0.0,1.0
1624528906011128634,,393,,1624528906,12686967,'',,,-0.93,-6.8,1.37,,0.0,0.0,0.0,1.0
1624528906111690815,,394,,1624528906,112274885,'',,,-0.92,-6.72,1.25,,0.0,0.0,0.0,1.0
1624528906204148531,,395,,1624528906,212382078,'',,,-0.93,-6.64,1.27,,0.0,0.0,0.0,1.0
1624528906304726416,,396,,1624528906,312275886,'',,,-0.89,-6.58,1.18,,0.0,0.0,0.0,1.0
1624528906405621171,,397,,1624528906,411993980,'',,,-0.93,-6.46,0.85,,0.0,0.0,0.0,1.0
1624528906506252307,,398,,1624528906,511472940,'',,,-1.01,-6.31,0.53,,0.0,0.0,0.0,1.0
1624528906606814783,,399,,1624528906,611120939,'',,,-1.05,-6.14,0.13,,0.0,0.0,0.0,1.0
1624528906697300705,,400,,1624528906,702475070,'',,,-0.95,-6.12,0.09,,0.0,0.0,0.0,1.0
1624528906802361321,,401,,1624528906,812004089,'',,,-0.81,-6.15,0.5,,0.0,0.0,0.0,1.0
1624528906913069443,,402,,1624528906,911892890,'',,,-0.67,-6.15,0.92,,0.0,0.0,0.0,1.0
1624528906993527574,,403,,1624528907,2104997,'',,,-0.63,-6.11,0.87,,0.0,0.0,0.0,1.0
1624528907104144680,,404,,1624528907,112179040,'',,,-0.54,-6.01,1.54,,0.0,0.0,0.0,1.0
1624528907205104225,,405,,1624528907,214449882,'',,,-0.57,-5.99,1.53,,0.0,0.0,0.0,1.0
1624528907407525108,,406,,1624528907,414894104,'',,,-0.48,-5.92,1.79,,0.0,0.0,0.0,1.0
1624528907498221929,,407,,1624528907,501827955,'',,,-0.53,-5.8,1.4,,0.0,0.0,0.0,1.0
1624528907598916801,,408,,1624528907,602020978,'',,,-0.5,-5.7,1.03,,0.0,0.0,0.0,1.0
1624528907699539534,,409,,1624528907,701765060,'',,,-0.51,-5.55,0.55,,0.0,0.0,0.0,1.0
1624528907810275197,,410,,1624528907,812700033,'',,,-0.38,-5.57,0.82,,0.0,0.0,0.0,1.0
1624528907910938394,,411,,1624528907,912277936,'',,,-0.79,-4.99,-0.0,,0.0,0.0,0.0,1.0
1624528907992252476,,412,,1624528908,1962900,'',,,-0.72,-4.97,-0.23,,0.0,0.0,0.0,1.0
1624528908112930026,,413,,1624528908,112942934,'',,,-0.51,-5.08,0.41,,0.0,0.0,0.0,1.0
1624528908193518511,,414,,1624528908,201981067,'',,,-0.37,-5.15,0.51,,0.0,0.0,0.0,1.0
1624528908305538452,,415,,1624528908,311994075,'',,,-0.23,-5.18,0.95,,0.0,0.0,0.0,1.0
1624528908406408188,,416,,1624528908,413198947,'',,,-0.15,-5.08,0.67,,0.0,0.0,0.0,1.0
1624528908506982948,,417,,1624528908,512343883,'',,,-0.11,-5.06,0.93,,0.0,0.0,0.0,1.0
1624528908608446634,,418,,1624528908,612970113,'',,,-0.08,-5.02,1.35,,0.0,0.0,0.0,1.0
1624528908709125685,,419,,1624528908,713378906,'',,,-0.06,-4.98,1.26,,0.0,0.0,0.0,1.0
1624528908809675177,,420,,1624528908,811641931,'',,,-0.0,-4.95,1.27,,0.0,0.0,0.0,1.0
1624528908910843552,,421,,1624528908,911961078,'',,,-0.01,-4.87,0.99,,0.0,0.0,0.0,1.0
1624528909012614432,,422,,1624528909,12680053,'',,,-0.04,-4.78,0.68,,0.0,0.0,0.0,1.0
1624528909104654358,,423,,1624528909,111377954,'',,,0.0,-4.75,0.64,,0.0,0.0,0.0,1.0
1624528909205586389,,424,,1624528909,212321996,'',,,0.04,-4.7,0.6,,0.0,0.0,0.0,1.0
1624528909306783525,,425,,1624528909,310995101,'',,,0.09,-4.68,0.71,,0.0,0.0,0.0,1.0
1624528909407430202,,426,,1624528909,412369012,'',,,0.14,-4.64,0.74,,0.0,0.0,0.0,1.0
1624528909509135051,,427,,1624528909,512806892,'',,,0.19,-4.57,1.04,,0.0,0.0,0.0,1.0
1624528909609688062,,428,,1624528909,612608909,'',,,0.21,-4.49,1.02,,0.0,0.0,0.0,1.0
1624528909710326370,,429,,1624528909,712568998,'',,,0.2,-4.43,1.17,,0.0,0.0,0.0,1.0
1624528909811832193,,430,,1624528909,812424898,'',,,0.23,-4.37,1.18,,0.0,0.0,0.0,1.0
1624528909902370280,,431,,1624528909,911362886,'',,,0.26,-4.32,1.18,,0.0,0.0,0.0,1.0
1624528910002995531,,432,,1624528910,11347055,'',,,0.37,-4.27,1.45,,0.0,0.0,0.0,1.0
1624528910103609054,,433,,1624528910,112044095,'',,,0.28,-4.06,0.97,,0.0,0.0,0.0,1.0
1624528910204255650,,434,,1624528910,211602926,'',,,0.26,-3.97,0.78,,0.0,0.0,0.0,1.0
1624528910304846631,,435,,1624528910,311284065,'',,,0.3,-3.88,0.65,,0.0,0.0,0.0,1.0
1624528910410355059,,436,,1624528910,413147926,'',,,0.39,-3.86,1.13,,0.0,0.0,0.0,1.0
1624528910510875526,,437,,1624528910,512301921,'',,,0.44,-3.82,1.08,,0.0,0.0,0.0,1.0
1624528910611445599,,438,,1624528910,612447977,'',,,0.46,-3.77,0.96,,0.0,0.0,0.0,1.0
1624528910691923739,,439,,1624528910,701272010,'',,,0.44,-3.66,0.73,,0.0,0.0,0.0,1.0
1624528910802507387,,440,,1624528910,811758995,'',,,0.44,-3.62,0.73,,0.0,0.0,0.0,1.0
1624528910903023046,,441,,1624528910,912260055,'',,,0.51,-3.59,0.9,,0.0,0.0,0.0,1.0
1624528911003674876,,442,,1624528911,11735916,'',,,0.51,-3.49,0.72,,0.0,0.0,0.0,1.0
1624528911105527781,,443,,1624528911,110721111,'',,,0.52,-3.43,0.72,,0.0,0.0,0.0,1.0
1624528911206097346,,444,,1624528911,211838006,'',,,0.56,-3.41,1.19,,0.0,0.0,0.0,1.0
1624528911306719004,,445,,1624528911,312257051,'',,,0.6,-3.37,1.19,,0.0,0.0,0.0,1.0
1624528911403803966,,446,,1624528911,412205934,'',,,0.67,-3.32,1.16,,0.0,0.0,0.0,1.0
1624528911504361179,,447,,1624528911,512211084,'',,,0.65,-3.22,0.96,,0.0,0.0,0.0,1.0
1624528911604998469,,448,,1624528911,611145019,'',,,0.67,-3.16,0.89,,0.0,0.0,0.0,1.0
1624528911707466030,,449,,1624528911,711771965,'',,,0.72,-3.11,0.95,,0.0,0.0,0.0,1.0
1624528911808023464,,450,,1624528911,812129974,'',,,0.7,-3.03,0.84,,0.0,0.0,0.0,1.0
1624528911908573842,,451,,1624528911,912132024,'',,,0.73,-2.97,0.89,,0.0,0.0,0.0,1.0
1624528912009205136,,452,,1624528912,11619091,'',,,0.78,-2.9,0.93,,0.0,0.0,0.0,1.0
1624528912110512044,,453,,1624528912,112884998,'',,,0.8,-2.81,0.82,,0.0,0.0,0.0,1.0
1624528912203926363,,454,,1624528912,212228059,'',,,0.85,-2.77,0.9,,0.0,0.0,0.0,1.0
1624528912304506400,,455,,1624528912,311847925,'',,,0.84,-2.69,0.82,,0.0,0.0,0.0,1.0
1624528912405023846,,456,,1624528912,412653923,'',,,0.87,-2.62,0.78,,0.0,0.0,0.0,1.0
1624528912507333755,,457,,1624528912,511934041,'',,,0.93,-2.56,0.78,,0.0,0.0,0.0,1.0
1624528912607946702,,458,,1624528912,611104965,'',,,0.95,-2.51,0.76,,0.0,0.0,0.0,1.0
1624528912710473625,,459,,1624528912,711720943,'',,,0.98,-2.43,1.23,,0.0,0.0,0.0,1.0
1624528912801587959,,460,,1624528912,810862064,'',,,1.0,-2.37,1.13,,0.0,0.0,0.0,1.0
1624528912902391648,,461,,1624528912,911998033,'',,,1.08,-2.29,1.53,,0.0,0.0,0.0,1.0
1624528913003472822,,462,,1624528913,12303113,'',,,1.11,-2.29,1.46,,0.0,0.0,0.0,1.0
1624528913104067792,,463,,1624528913,110645055,'',,,1.14,-2.24,1.36,,0.0,0.0,0.0,1.0
1624528913204621193,,464,,1624528913,212589025,'',,,1.16,-2.18,1.28,,0.0,0.0,0.0,1.0
1624528913306015619,,465,,1624528913,311806917,'',,,1.2,-2.09,1.62,,0.0,0.0,0.0,1.0
1624528913407115640,,466,,1624528913,411669969,'',,,1.22,-1.99,1.36,,0.0,0.0,0.0,1.0
1624528913507784577,,467,,1624528913,512108087,'',,,1.26,-1.93,1.69,,0.0,0.0,0.0,1.0
1624528913608328688,,468,,1624528913,612071037,'',,,1.3,-1.85,1.44,,0.0,0.0,0.0,1.0
1624528913710108379,,469,,1624528913,711879968,'',,,1.33,-1.8,1.35,,0.0,0.0,0.0,1.0
1624528913810792608,,470,,1624528913,812225103,'',,,1.36,-1.75,1.63,,0.0,0.0,0.0,1.0
1624528913911475238,,471,,1624528913,912245988,'',,,1.4,-1.69,1.45,,0.0,0.0,0.0,1.0
1624528914012168186,,472,,1624528914,12079954,'',,,1.43,-1.67,1.32,,0.0,0.0,0.0,1.0
1624528914102992511,,473,,1624528914,111200094,'',,,1.44,-1.6,1.18,,0.0,0.0,0.0,1.0
1624528914203528884,,474,,1624528914,212070941,'',,,1.47,-1.53,1.07,,0.0,0.0,0.0,1.0
1624528914304134122,,475,,1624528914,312374114,'',,,1.51,-1.47,1.02,,0.0,0.0,0.0,1.0
1624528914404716468,,476,,1624528914,412115097,'',,,1.55,-1.41,1.03,,0.0,0.0,0.0,1.0
1624528914506228652,,477,,1624528914,513036966,'',,,1.58,-1.33,0.97,,0.0,0.0,0.0,1.0
1624528914606795343,,478,,1624528914,611160993,'',,,1.6,-1.25,0.9,,0.0,0.0,0.0,1.0
1624528914707988599,,479,,1624528914,712224006,'',,,1.62,-1.16,0.84,,0.0,0.0,0.0,1.0
1624528914808519627,,480,,1624528914,812510013,'',,,1.66,-1.12,0.84,,0.0,0.0,0.0,1.0
1624528914910294873,,481,,1624528914,910958051,'',,,1.69,-1.04,0.82,,0.0,0.0,0.0,1.0
1624528915010852140,,482,,1624528915,11626005,'',,,1.73,-0.99,0.8,,0.0,0.0,0.0,1.0
1624528915101405203,,483,,1624528915,111098051,'',,,1.77,-0.93,0.82,,0.0,0.0,0.0,1.0
1624528915202263242,,484,,1624528915,211883068,'',,,1.79,-0.88,0.79,,0.0,0.0,0.0,1.0
1624528915303706696,,485,,1624528915,312676906,'',,,1.83,-0.82,0.77,,0.0,0.0,0.0,1.0
1624528915404433129,,486,,1624528915,412245988,'',,,1.87,-0.76,0.75,,0.0,0.0,0.0,1.0
1624528915505173779,,487,,1624528915,511833906,'',,,1.9,-0.71,0.79,,0.0,0.0,0.0,1.0
1624528915606146766,,488,,1624528915,611840963,'',,,1.93,-0.65,1.24,,0.0,0.0,0.0,1.0
1624528915706754321,,489,,1624528915,712155103,'',,,1.95,-0.57,1.07,,0.0,0.0,0.0,1.0
1624528915807626243,,490,,1624528915,811438083,'',,,1.97,-0.51,0.98,,0.0,0.0,0.0,1.0
1624528915908334881,,491,,1624528915,914861917,'',,,2.01,-0.43,1.41,,0.0,0.0,0.0,1.0
1624528916010058379,,492,,1624528916,11900901,'',,,2.06,-0.35,1.74,,0.0,0.0,0.0,1.0
1624528916111088190,,493,,1624528916,111912965,'',,,2.1,-0.29,1.97,,0.0,0.0,0.0,1.0
1624528916201655658,,494,,1624528916,211369037,'',,,2.14,-0.23,2.16,,0.0,0.0,0.0,1.0
1624528916302096297,,495,,1624528916,311991930,'',,,2.19,-0.16,2.28,,0.0,0.0,0.0,1.0
1624528916403387135,,496,,1624528916,412246942,'',,,2.24,-0.12,2.37,,0.0,0.0,0.0,1.0
1624528916504308810,,497,,1624528916,512803077,'',,,2.23,-0.09,2.42,,0.0,0.0,0.0,1.0
1624528916607209589,,498,,1624528916,613487958,'',,,2.21,-0.07,2.48,,0.0,0.0,0.0,1.0
1624528916707789426,,499,,1624528916,711823940,'',,,2.25,0.01,2.49,,0.0,0.0,0.0,1.0
1624528916808273556,,500,,1624528916,812077999,'',,,2.32,0.12,2.01,,0.0,0.0,0.0,1.0
1624528916909441161,,501,,1624528916,912390947,'',,,2.27,0.09,2.14,,0.0,0.0,0.0,1.0
1624528917009990447,,502,,1624528917,12293100,'',,,2.34,0.19,1.82,,0.0,0.0,0.0,1.0
1624528917103285054,,503,,1624528917,112462997,'',,,2.4,0.27,2.0,,0.0,0.0,0.0,1.0
1624528917203805277,,504,,1624528917,211738109,'',,,2.47,0.34,1.66,,0.0,0.0,0.0,1.0
1624528917305697139,,505,,1624528917,312238931,'',,,2.53,0.42,1.4,,0.0,0.0,0.0,1.0
1624528917410817213,,506,,1624528917,412318944,'',,,2.55,0.5,1.24,,0.0,0.0,0.0,1.0
1624528917504169932,,507,,1624528917,511272907,'',,,2.58,0.56,1.13,,0.0,0.0,0.0,1.0
1624528917605074220,,508,,1624528917,613718986,'',,,2.61,0.65,1.5,,0.0,0.0,0.0,1.0
1624528917706089841,,509,,1624528917,711949110,'',,,2.63,0.73,1.8,,0.0,0.0,0.0,1.0
1624528917808272754,,510,,1624528917,811515092,'',,,2.64,0.8,2.03,,0.0,0.0,0.0,1.0
1624528917908787527,,511,,1624528917,911825895,'',,,2.66,0.86,2.16,,0.0,0.0,0.0,1.0
1624528918009457288,,512,,1624528918,11631011,'',,,2.68,0.93,2.29,,0.0,0.0,0.0,1.0
1624528918110889109,,513,,1624528918,112015962,'',,,2.71,1.0,2.35,,0.0,0.0,0.0,1.0
1624528918211485573,,514,,1624528918,211932897,'',,,2.73,1.05,1.94,,0.0,0.0,0.0,1.0
1624528918302047537,,515,,1624528918,311434984,'',,,2.75,1.11,2.11,,0.0,0.0,0.0,1.0
1624528918402648907,,516,,1624528918,411851882,'',,,2.79,1.16,2.23,,0.0,0.0,0.0,1.0
1624528918503288578,,517,,1624528918,511445045,'',,,2.81,1.21,2.34,,0.0,0.0,0.0,1.0
1624528918603857109,,518,,1624528918,611906051,'',,,2.82,1.26,1.93,,0.0,0.0,0.0,1.0
1624528918705048428,,519,,1624528918,712374925,'',,,2.83,1.32,2.11,,0.0,0.0,0.0,1.0
1624528918805691714,,520,,1624528918,813633918,'',,,2.86,1.39,2.23,,0.0,0.0,0.0,1.0
1624528918906685267,,521,,1624528918,912492036,'',,,2.89,1.46,2.34,,0.0,0.0,0.0,1.0
1624528919008604268,,522,,1624528919,12893915,'',,,2.9,1.52,1.96,,0.0,0.0,0.0,1.0
1624528919109854521,,523,,1624528919,111109972,'',,,2.91,1.56,1.68,,0.0,0.0,0.0,1.0
1624528919210417311,,524,,1624528919,211766958,'',,,2.93,1.62,1.53,,0.0,0.0,0.0,1.0
1624528919311351160,,525,,1624528919,314436912,'',,,2.97,1.68,1.33,,0.0,0.0,0.0,1.0
1624528919402679209,,526,,1624528919,412467956,'',,,2.99,1.73,1.21,,0.0,0.0,0.0,1.0
1624528919503747171,,527,,1624528919,512885093,'',,,3.02,1.79,1.52,,0.0,0.0,0.0,1.0
1624528919604364544,,528,,1624528919,612493038,'',,,3.03,1.86,1.72,,0.0,0.0,0.0,1.0
1624528919705029873,,529,,1624528919,712438106,'',,,3.07,1.91,1.86,,0.0,0.0,0.0,1.0
1624528919806094218,,530,,1624528919,811893939,'',,,3.08,1.95,1.64,,0.0,0.0,0.0,1.0
1624528919902068584,,531,,1624528919,901360988,'',,,3.08,1.98,1.45,,0.0,0.0,0.0,1.0
1624528920005286557,,532,,1624528920,12150049,'',,,3.09,2.02,1.32,,0.0,0.0,0.0,1.0
1624528920109456918,,533,,1624528920,111818075,'',,,3.11,2.07,1.21,,0.0,0.0,0.0,1.0
1624528920205235000,,534,,1624528920,212527990,'',,,3.12,2.08,1.11,,0.0,0.0,0.0,1.0
1624528920306462796,,535,,1624528920,312442064,'',,,3.13,2.13,0.98,,0.0,0.0,0.0,1.0
1624528920408154530,,536,,1624528920,412612915,'',,,3.14,2.18,0.87,,0.0,0.0,0.0,1.0
1624528920509316655,,537,,1624528920,511989116,'',,,3.17,2.19,0.85,,0.0,0.0,0.0,1.0
1624528920609884205,,538,,1624528920,611855983,'',,,3.19,2.21,0.83,,0.0,0.0,0.0,1.0
1624528920703159731,,539,,1624528920,712522029,'',,,3.18,2.26,0.79,,0.0,0.0,0.0,1.0
1624528920804300844,,540,,1624528920,812508106,'',,,3.16,2.29,0.71,,0.0,0.0,0.0,1.0
1624528920907779270,,541,,1624528920,911660909,'',,,3.17,2.34,0.69,,0.0,0.0,0.0,1.0
1624528921009161649,,542,,1624528921,13175010,'',,,3.19,2.31,0.71,,0.0,0.0,0.0,1.0
1624528921112531047,,543,,1624528921,112693071,'',,,3.19,2.3,0.73,,0.0,0.0,0.0,1.0
1624528921203257751,,544,,1624528921,212578058,'',,,3.2,2.29,0.73,,0.0,0.0,0.0,1.0
1624528921304417853,,545,,1624528921,312977075,'',,,3.17,2.34,0.68,,0.0,0.0,0.0,1.0
1624528921405597461,,546,,1624528921,411756992,'',,,3.18,2.36,0.71,,0.0,0.0,0.0,1.0
1624528921506357837,,547,,1624528921,512497901,'',,,3.19,2.34,0.79,,0.0,0.0,0.0,1.0
